measure,location,sex,age,cause,metric,year,val,upper,lower
5,11,3,27,976,2,2019,0.043454557945798535,0.047800666282439654,0.03938072938258804
5,88,3,27,589,2,2019,0.06795311490117888,0.07236377555714159,0.06332691130237855
5,99,3,27,491,2,2019,0.05274419670204524,0.055860485670798266,0.04995269633518528
5,121,3,27,491,2,2019,0.04311688634487977,0.04628219302879223,0.04011508664892154
5,131,3,27,1029,2,2019,0.008322311003748955,0.01020534426055815,0.006762395640641501
5,110,3,27,491,2,2019,0.06946139206310634,0.07329725693685023,0.06578215318370366
5,33,3,27,976,2,2019,0.057019049192159624,0.0627742152020205,0.052179064757559186
5,22,3,27,1029,2,2019,0.006453015361130271,0.008191262671273486,0.004991906500809646
5,66,3,27,976,2,2019,0.13380526969019652,0.14455975951124825,0.12425082215535749
5,11,3,27,1029,2,2019,0.005230705160399846,0.006076479969232791,0.004421900274781943
5,44,3,27,1029,2,2019,0.011154755541379974,0.013847256930198065,0.008940828706254783
5,55,3,27,976,2,2019,0.04866748570821468,0.05402287451317762,0.04367744818299851
5,164,3,27,976,2,2019,0.05712107659330086,0.06333078130827878,0.05134233946915776
5,164,3,27,1029,2,2019,0.003582098835067588,0.0043735549868638484,0.0028479565230637586
5,99,3,27,589,2,2019,0.07027765357089683,0.07501094367428673,0.06570077828968462
5,143,3,27,509,2,2019,0.01106116571081532,0.011955936323454432,0.010256748241586705
5,33,3,27,1029,2,2019,0.01030036073956715,0.011948584943817066,0.008700227975980008
5,153,3,27,1029,2,2019,0.005299086020322114,0.006967811044978228,0.004142650994470165
5,154,3,27,491,2,2019,0.07673516539410274,0.08042467095482826,0.07300474348025093
5,22,3,27,976,2,2019,0.16599311341786607,0.17838541002807504,0.1547927168803682
5,121,3,27,509,2,2019,0.01945536468757497,0.02070323990787586,0.018290364561628143
5,132,3,27,491,2,2019,0.054778695744078836,0.058196098863532233,0.051329313741048856
5,209,3,27,976,2,2019,0.04152449178233513,0.04606828081932447,0.037296447397751155
5,77,3,27,976,2,2019,0.06317117695131409,0.06974576343320042,0.05696414460108617
5,153,3,27,976,2,2019,0.07198789780954865,0.07957162475263874,0.06468254977546385
5,55,3,27,1029,2,2019,0.018488950890759692,0.02354953858147182,0.014803112910375714
5,110,3,27,589,2,2019,0.0997998799779219,0.10591007004770663,0.09376371868057432
5,110,3,27,509,2,2019,0.014401771131571615,0.015358902220801149,0.013505544863218998
5,12,3,27,491,2,2019,0.060566220846760215,0.06390399021715304,0.057349916207945995
5,175,3,27,976,2,2019,0.031767747844053874,0.035280153510495446,0.028683483883588243
5,45,3,27,491,2,2019,0.07946112383667231,0.08378489888584605,0.07538163274796525
5,34,3,27,509,2,2019,0.025149418051436875,0.026730193378716134,0.02369765249445344
5,142,3,27,1029,2,2019,0.007731148590028609,0.008324982162723166,0.006861228819992306
5,88,3,27,976,2,2019,0.06508211005124231,0.07243236502133338,0.058691571858481936
5,132,3,27,589,2,2019,0.11713985390094032,0.12516890089044097,0.10960504135599679
5,154,3,27,589,2,2019,0.11175968433571015,0.11860749338069268,0.104632403347232
5,165,3,27,491,2,2019,0.07402766305294566,0.07857180201302075,0.06938873687598603
5,422,3,27,589,2,2019,0.09682213947754369,0.10331209407373963,0.09033528385589348
5,175,3,27,1029,2,2019,0.00355785041858457,0.004761885126245325,0.002617521854472871
5,132,3,27,509,2,2019,0.016828076195299104,0.017993403120230404,0.01584611487310878
5,422,3,27,509,2,2019,0.014546418077690353,0.01568042517675503,0.013516258719542405
5,143,3,27,491,2,2019,0.0915706058096127,0.09545495343183487,0.08765945309828573
5,23,3,27,589,2,2019,0.10687106458335945,0.11480719793055529,0.09879114414022082
5,23,3,27,491,2,2019,0.07803838328590773,0.08232281766711,0.07425634136011472
5,67,3,27,491,2,2019,0.06336286855925294,0.065984869590899,0.060715182977790376
5,12,3,27,589,2,2019,0.1094618136311299,0.11748134061733323,0.1012904733966132
5,198,3,27,976,2,2019,0.06055707503765627,0.06719920811921466,0.05427250266744702
5,77,3,27,1029,2,2019,0.020813687030316195,0.02316782608912197,0.018779185690817105
5,45,3,27,589,2,2019,0.08643189708448687,0.09219891860414917,0.08044017502476149
5,34,3,27,491,2,2019,0.08323988780417427,0.08718259211987438,0.07929007577385458
5,12,3,27,509,2,2019,0.028487516344309554,0.030231547159825987,0.0266730979427594
5,67,3,27,509,2,2019,0.014782434657780083,0.016274370468107233,0.01337315207766224
5,165,3,27,589,2,2019,0.08832692042764033,0.0944670344848534,0.08206919144534458
5,44,3,27,976,2,2019,0.07550685115162549,0.08368196522567564,0.06821081420795189
5,78,3,27,509,2,2019,0.04753748502421648,0.048909180745885725,0.0460988694518627
5,186,3,27,976,2,2019,0.10136223197488026,0.11096111525477662,0.0927966709760722
5,132,3,27,1029,2,2019,0.009796721693237028,0.012565075624018422,0.007581449367107696
5,66,3,27,1029,2,2019,0.013927197708024253,0.015437660022641868,0.012555584918274095
5,99,3,27,976,2,2019,0.03540378879944386,0.0393774149517757,0.03140797002606144
5,121,3,27,589,2,2019,0.07621077658522517,0.08105915054722622,0.07136810646084345
5,165,3,27,509,2,2019,0.02700307697670445,0.029367122704839866,0.0247386375220531
5,187,3,27,491,2,2019,0.06490912675488371,0.07071467034898171,0.059838631677754016
5,89,3,27,491,2,2019,0.06096067409247434,0.06424481591236444,0.057601697564064934
5,210,3,27,509,2,2019,0.015383817816814846,0.016296768121003176,0.014494546000923732
5,89,3,27,509,2,2019,0.04261193373416267,0.04442286084872508,0.04071132726296811
5,34,3,27,589,2,2019,0.10382534794005406,0.11104799759375197,0.09592863138080887
5,198,3,27,1029,2,2019,0.006148845136461312,0.007551352384391522,0.0048458418276276696
5,143,3,27,589,2,2019,0.12138314835726047,0.12953860036327255,0.11302503923870079
5,110,3,27,976,2,2019,0.10701007864233543,0.11732655257792124,0.09772692806195964
5,121,3,27,1029,2,2019,0.007210363506755489,0.009024603088038754,0.005637115834590758
5,88,3,27,1029,2,2019,0.018141573064652017,0.020980392651615932,0.015664463802084933
5,23,3,27,509,2,2019,0.010498345687771537,0.011176026232091752,0.009888806743748282
5,154,3,27,509,2,2019,0.02168063460763976,0.023117510521260827,0.020291261214063116
5,67,3,27,589,2,2019,0.09493288227200844,0.10120601655746018,0.08875022422804536
5,186,3,27,1029,2,2019,0.011893291941113202,0.013202935460137186,0.010682519145935616
5,57,3,27,509,2,2019,0.01905361428022533,0.02014944565481999,0.017951872926104798
5,187,3,27,589,2,2019,0.05620207548125535,0.060551280895916076,0.05197377277823513
5,154,3,27,976,2,2019,0.0863837959656105,0.09602868120602724,0.07756413025809973
5,12,3,27,976,2,2019,0.0651828853653638,0.0718154969180937,0.058964704960172414
5,132,3,27,976,2,2019,0.08149379651007801,0.08903754874227972,0.07377615239915375
5,165,3,27,976,2,2019,0.06518515457116184,0.07282796230706735,0.058568168811967296
5,111,3,27,491,2,2019,0.06906620420252088,0.07276070431760287,0.0654785647541267
5,57,3,27,491,2,2019,0.07616786123509765,0.07992842525233698,0.07247484817446279
5,143,3,27,1029,2,2019,0.007678693573053483,0.009475600080273431,0.006039182814309008
5,34,3,27,1029,2,2019,0.0068422745839910246,0.00795826509079734,0.005980738082350774
5,45,3,27,976,2,2019,0.053234826604078814,0.05884500001863393,0.04802050072315079
5,23,3,27,976,2,2019,0.13412658717269302,0.14763656518516619,0.12228019403320772
5,34,3,27,976,2,2019,0.056166165044166126,0.06260683454594246,0.05043868176576098
5,89,3,27,589,2,2019,0.06965468346546655,0.07443171886660051,0.06463639901252231
5,209,3,27,1029,2,2019,0.004028249550029077,0.005196268615014375,0.003103427266127864
5,422,3,27,976,2,2019,0.08554783266856958,0.0947802792396792,0.07753434209883196
5,111,3,27,509,2,2019,0.013768356364271027,0.0146157755329436,0.012890951104904898
5,176,3,27,491,2,2019,0.07139287623978754,0.07781056149400851,0.0660985398340086
5,111,3,27,589,2,2019,0.08306871023021187,0.08849838234390461,0.07749090979796132
5,187,3,27,509,2,2019,0.015467116806786746,0.01661248294911155,0.014349565765767125
5,121,3,27,976,2,2019,0.049900752069853546,0.05515067431747795,0.04500666796777674
5,133,3,27,491,2,2019,0.046694159768725575,0.04924478538648726,0.0442262154919255
5,67,3,27,976,2,2019,0.036668232823097884,0.04088960239970516,0.032734462785762385
5,24,3,27,491,2,2019,0.0712166644825275,0.07507230470416337,0.06764246175789496
5,155,3,27,509,2,2019,0.034656556744751196,0.03568242296860081,0.03356994475552119
5,45,3,27,509,2,2019,0.02808558536924633,0.029456153244191367,0.02666858216902676
5,45,3,27,1029,2,2019,0.014909530458555767,0.018449412727781538,0.012028165016826738
5,57,3,27,589,2,2019,0.10175737854798379,0.10998726921849573,0.09387383096716327
5,99,3,27,1029,2,2019,0.01457303329702384,0.01819259074893824,0.011684002802046452
5,422,3,27,1029,2,2019,0.016166487840054002,0.019001229589549685,0.013423707917005942
5,165,3,27,1029,2,2019,0.006830242550049253,0.008164168003283321,0.005785345762753506
5,176,3,27,509,2,2019,0.015280026508055737,0.016285282500133794,0.014264999830679706
5,133,3,27,509,2,2019,0.020956279989120474,0.022276153073159,0.019766468427642677
5,367,3,27,509,2,2019,0.034075180581779975,0.03582728972515344,0.032175667387415736
5,46,3,27,509,2,2019,0.028570913494040447,0.030068364355969716,0.027198053004129773
5,367,3,27,491,2,2019,0.05864848751929356,0.06199216730794676,0.05522424897065358
5,133,3,27,589,2,2019,0.11834665493242721,0.1256207723735131,0.11051633267847534
5,24,3,27,509,2,2019,0.01640560287123119,0.017357934555814955,0.015511140702500202
5,210,3,27,491,2,2019,0.06527231415599123,0.0704883207059366,0.060773313217960534
5,78,3,27,491,2,2019,0.06359241108858608,0.06748550129949207,0.05973845722159442
5,46,3,27,491,2,2019,0.07242505558905768,0.07611426339918707,0.06878933425162906
5,101,3,27,491,2,2019,0.07511726857062735,0.07974931165462389,0.07088928206200218
5,13,3,27,509,2,2019,0.02182343014822725,0.0232316629012746,0.020563979623455252
5,144,3,27,491,2,2019,0.08460197180322922,0.08869308577855041,0.08080888299811158
5,35,3,27,491,2,2019,0.08963105885724781,0.09431042679134431,0.08537907680772616
5,110,3,27,1029,2,2019,0.013428264708175095,0.016638422837963275,0.010902580136011572
5,68,3,27,491,2,2019,0.049009209779923936,0.0516855461783526,0.046603522545869386
5,24,3,27,589,2,2019,0.10807153222650442,0.11579486916658226,0.10038354952647101
5,35,3,27,509,2,2019,0.025301411149281108,0.026629942256678585,0.02411240714512552
5,78,3,27,1029,2,2019,0.023370306549519583,0.02903054891778719,0.018895359448216256
5,12,3,27,1029,2,2019,0.004401058725478362,0.0054833603868016875,0.0034088464024121918
5,143,3,27,976,2,2019,0.08992688485177913,0.09782318001363481,0.08231572081398796
5,46,3,27,589,2,2019,0.08594273503835387,0.09187936126706188,0.07991980623467168
5,367,3,27,589,2,2019,0.062404644198238865,0.06661711940143213,0.0579067714458803
5,522,3,27,491,2,2019,0.08649354177801505,0.09031365268646664,0.08244177969876937
5,101,3,27,589,2,2019,0.07004735595159156,0.07481623152735034,0.06486620632007939
5,57,3,27,1029,2,2019,0.01415831379702643,0.01791673260690045,0.011313790308904347
5,176,3,27,589,2,2019,0.060562645480347135,0.06515798628428819,0.056032698183798815
5,133,3,27,976,2,2019,0.07556701809263056,0.08235958087478558,0.06931395580696012
5,35,3,27,589,2,2019,0.09910764126007884,0.10614309809231326,0.0918503116179276
5,187,3,27,976,2,2019,0.034801366278333905,0.03869160627614052,0.0313226085656315
5,68,3,27,509,2,2019,0.02199212633815863,0.023239631579079986,0.020837017712130257
5,111,3,27,976,2,2019,0.045860765810176334,0.05031847631674512,0.04182972325868482
5,89,3,27,1029,2,2019,0.027797784648521555,0.03465153580117332,0.022300440107240797
5,122,3,27,491,2,2019,0.04653087988248719,0.0497375237050851,0.04349523823323006
5,144,3,27,589,2,2019,0.12063011304095561,0.12824628098903867,0.11335598714742638
5,154,3,27,1029,2,2019,0.007749141578871111,0.010219567361164828,0.005870706770491273
5,122,3,27,509,2,2019,0.015230980338518092,0.016229308350437264,0.014314105801373144
5,78,3,27,589,2,2019,0.06478298305312509,0.06896021584864251,0.06031789684575013
5,57,3,27,976,2,2019,0.028513705013417892,0.031802001840306605,0.02509520364501264
5,210,3,27,589,2,2019,0.06653814985088397,0.07099059105430644,0.06191436007805292
5,187,3,27,1029,2,2019,0.00310935443059515,0.004250954358052766,0.002148494771233617
5,68,3,27,589,2,2019,0.07436859416473905,0.07842810060228142,0.07054268566355
5,210,3,27,1029,2,2019,0.0032229757625930893,0.0042432760069057735,0.0024131470840162003
5,112,3,27,491,2,2019,0.07248027375637531,0.07662391276600311,0.0685434287787699
5,101,3,27,509,2,2019,0.029240454156056157,0.031077693718690475,0.027521186982037614
5,123,3,27,491,2,2019,0.04471937718822439,0.04802285505220424,0.041489807650876495
5,89,3,27,976,2,2019,0.037320820517518796,0.04145021025592099,0.0328891842444823
5,35,3,27,1029,2,2019,0.010876573614645018,0.012659265143640507,0.009259628820184926
5,101,3,27,976,2,2019,0.035381585260271485,0.040222261299308885,0.030667958872461997
5,122,3,27,589,2,2019,0.09225922683936608,0.09831276997146922,0.08606413053030963
5,35,3,27,976,2,2019,0.06839928287813393,0.07492068930620623,0.06218020032384561
5,79,3,27,491,2,2019,0.0617203369540427,0.06505814710929353,0.058483520538664784
5,144,3,27,976,2,2019,0.08087130529812539,0.08825671357386713,0.07370870837154386
5,24,3,27,976,2,2019,0.20251371041566765,0.22336721469903348,0.1853623974161205
5,112,3,27,509,2,2019,0.015759164580578595,0.016702758867418288,0.014770414891044624
5,176,3,27,1029,2,2019,0.004147945211664791,0.005264427228365253,0.0030840906689010234
5,522,3,27,589,2,2019,0.09788908081313641,0.104876398949882,0.09097278952949533
5,522,3,27,509,2,2019,0.019395062414919517,0.020722632179110034,0.018224033152591475
5,123,3,27,589,2,2019,0.10289910033550828,0.12520092126745094,0.08512581519033635
5,46,3,27,976,2,2019,0.06075618404771257,0.06782718267798345,0.05392410861877399
5,369,3,27,491,2,2019,0.06982591241566516,0.07342853844141883,0.06651587822877487
5,58,3,27,491,2,2019,0.085166830027625,0.08926898073631656,0.08110518541099554
5,144,3,27,509,2,2019,0.016985540224396974,0.018102169436648323,0.015880223831615997
5,367,3,27,976,2,2019,0.04490122528785085,0.050435710087422696,0.03978028203659792
5,25,3,27,509,2,2019,0.016363235690392306,0.017346760525752715,0.015437666791892003
5,25,3,27,491,2,2019,0.06828920374272879,0.0720505106182373,0.06467791528479007
5,13,3,27,491,2,2019,0.07003130063924626,0.07394886069316695,0.06615240893509636
5,68,3,27,976,2,2019,0.04982197456017096,0.05457484343426899,0.045362519423317746
5,23,3,27,1029,2,2019,0.007299689251037128,0.008991239020654795,0.005678616166054248
5,189,3,27,509,2,2019,0.013327143906608586,0.014216565945858918,0.01239150456191943
5,79,3,27,589,2,2019,0.058167059876914146,0.061886863417401135,0.05396130551171997
5,67,3,27,1029,2,2019,0.017088755665470454,0.019566714644045986,0.01480297262432068
5,78,3,27,976,2,2019,0.04026207256447913,0.04440314743759734,0.03602843738853747
5,176,3,27,976,2,2019,0.02890106301826916,0.031952651571486496,0.026176245253997466
5,36,3,27,491,2,2019,0.07530023835895833,0.07891783352294703,0.07193273439424962
5,200,3,27,491,2,2019,0.06441429300194193,0.07004212494563884,0.05985999111857209
5,14,3,27,491,2,2019,0.05860132021847309,0.062148225257277055,0.055296014357891284
5,102,3,27,491,2,2019,0.08239832333496204,0.08550655284461006,0.07926796015733469
5,58,3,27,589,2,2019,0.1124341046270606,0.12099440834643822,0.1040323511318128
5,200,3,27,509,2,2019,0.019658200182498756,0.0208925184499507,0.018451126039917335
5,367,3,27,1029,2,2019,0.03580404506793015,0.04428672522393576,0.028617167520914637
5,369,3,27,589,2,2019,0.12174176042692778,0.13033419770577054,0.11317153344304143
5,68,3,27,1029,2,2019,0.013954032762105033,0.01618442790412253,0.011956680380295702
5,155,3,27,491,2,2019,0.06579803804544576,0.06902877361525381,0.06265189667925826
5,58,3,27,1029,2,2019,0.019477963183502284,0.02392898608012827,0.015449003666144184
5,25,3,27,589,2,2019,0.11877129302471909,0.12748409910650646,0.11011085175624671
5,145,3,27,509,2,2019,0.010952882862138661,0.01194366032047375,0.010055425550149617
5,298,3,27,491,2,2019,0.07709075428863438,0.08133404492061011,0.07306672741024264
5,36,3,27,589,2,2019,0.09994428585743048,0.10703337395516963,0.09247363355819119
5,102,3,27,589,2,2019,0.08847951326630431,0.09407515497325658,0.08258528911520582
5,14,3,27,589,2,2019,0.11909201904642157,0.12710188672671954,0.11057079241766482
5,47,3,27,509,2,2019,0.02772813693587414,0.029216292148857962,0.02639618938538771
5,36,3,27,509,2,2019,0.032595398168374375,0.033765569690591045,0.03146692536687577
5,135,3,27,491,2,2019,0.05721037483848987,0.06117414046548117,0.053403125125569745
5,122,3,27,976,2,2019,0.05755228782730474,0.06242587719514967,0.052484098814907024
5,13,3,27,589,2,2019,0.1129057503129427,0.12053997901310014,0.10513370437295207
5,145,3,27,491,2,2019,0.08454469601456854,0.08863258563358593,0.08044636206036636
5,58,3,27,509,2,2019,0.014920581605605108,0.01597250413233156,0.013919211389848776
5,69,3,27,491,2,2019,0.05213283787028772,0.05451888225652484,0.04976078678700041
5,522,3,27,976,2,2019,0.07572154515536282,0.08454126135884345,0.06796984163101864
5,200,3,27,589,2,2019,0.0671836130276802,0.07162199332181698,0.062465647128526536
5,177,3,27,491,2,2019,0.07287412626658768,0.0788681903130968,0.06744811234079909
5,123,3,27,976,2,2019,0.03699947672861282,0.040643388661154294,0.033405362573928274
5,210,3,27,976,2,2019,0.04922737905827482,0.05477064051426697,0.04396559983038812
5,522,3,27,1029,2,2019,0.003879714468146775,0.005023983363688315,0.002798940425806774
5,298,3,27,589,2,2019,0.12609370273868625,0.13471518438548583,0.11721241883189268
5,135,3,27,509,2,2019,0.02785719743951027,0.0302779268948198,0.02573140036391101
5,80,3,27,491,2,2019,0.059234983514390875,0.06317645530870979,0.05558935575419956
5,13,3,27,1029,2,2019,0.00851212458302465,0.010467103862065072,0.006878747003904999
5,155,3,27,589,2,2019,0.10645755994053618,0.11357952960963486,0.0994856014512317
5,6,3,27,491,2,2019,0.06610539062518413,0.06996372746242102,0.062409390466207616
5,79,3,27,976,2,2019,0.06471185326244148,0.0713316093813025,0.05798115455714826
5,369,3,27,976,2,2019,0.11457030781353748,0.12535045153328403,0.10453198798237869
5,135,3,27,589,2,2019,0.07740334745586341,0.08196008891073178,0.07256643245866218
5,58,3,27,976,2,2019,0.04024091494999918,0.04452472169984867,0.036179903371269515
5,145,3,27,589,2,2019,0.1140352590977014,0.12244238146425425,0.10609186540394477
5,102,3,27,509,2,2019,0.03968468904631645,0.04119062364335403,0.03800710661635141
5,69,3,27,509,2,2019,0.016451398534061,0.017555951283039998,0.015393049560490044
5,112,3,27,1029,2,2019,0.014618402307425544,0.016393077308166686,0.012669593503934568
5,90,3,27,509,2,2019,0.04016348362100623,0.04322964573768351,0.03725280346437946
5,36,3,27,976,2,2019,0.06573855661010154,0.07252335690216273,0.05955662227052023
5,211,3,27,491,2,2019,0.06122674297875827,0.06632331030465663,0.05693043193820259
5,122,3,27,1029,2,2019,0.007891508090657737,0.010132302875693625,0.006287052606506389
5,156,3,27,1029,2,2019,0.007600989077874682,0.009721447258186782,0.0058794235147859525
5,79,3,27,509,2,2019,0.024155415340149276,0.025748655876858848,0.022579629656034578
5,80,3,27,589,2,2019,0.05986620684949855,0.06406921125408528,0.055450768305794415
5,6,3,27,589,2,2019,0.0869537589954762,0.09378591518873136,0.08011395214833743
5,177,3,27,589,2,2019,0.06178040160878509,0.06611255098822602,0.05742737995954188
5,113,3,27,509,2,2019,0.0134849518783417,0.01439035659187406,0.012603947580765058
5,101,3,27,1029,2,2019,0.03885880269909242,0.04612425374284779,0.03287122995947252
5,47,3,27,1029,2,2019,0.017809609598992922,0.021521309261113137,0.014796666590107765
5,14,3,27,1029,2,2019,0.005386043642690711,0.00626909836968248,0.004594933811844537
5,36,3,27,1029,2,2019,0.007981932625154951,0.009050778999973376,0.006994431042221324
5,369,3,27,509,2,2019,0.03216004660064749,0.03383369787624934,0.030555872931383916
5,25,3,27,1029,2,2019,0.007561610174398478,0.010367085323322449,0.0052140171437008755
5,14,3,27,976,2,2019,0.05094762177111387,0.0562998646331054,0.045978294853357964
5,102,3,27,976,2,2019,0.07729780414906323,0.08329688747247453,0.07168833739438077
5,90,3,27,491,2,2019,0.07094133896140138,0.07422853738045697,0.06770072714002243
5,146,3,27,491,2,2019,0.0850630357413427,0.08900590549849922,0.08102951384038913
5,59,3,27,491,2,2019,0.07703245029833303,0.0809270017742449,0.07332365711015845
5,6,3,27,1029,2,2019,0.010421744697260125,0.01190239420212648,0.009009539748559472
5,168,3,27,1029,2,2019,0.0036613169130140255,0.00456079379824939,0.0028772998084204593
5,90,3,27,1029,2,2019,0.023540613194708824,0.027115230914534983,0.020327267800343902
5,111,3,27,1029,2,2019,0.0078062120443786204,0.010308482630371537,0.005728045020500273
5,135,3,27,976,2,2019,0.052219909632059004,0.05713125600882251,0.047435041092241954
5,25,3,27,976,2,2019,0.12691390223285604,0.13925259120833317,0.11545611452046801
5,13,3,27,976,2,2019,0.06788688121746358,0.0747547604472348,0.06107010453953007
5,189,3,27,491,2,2019,0.06865479952920357,0.07491841754862036,0.06336562184026094
5,211,3,27,589,2,2019,0.06346366011391563,0.06762615960052834,0.058867985408551746
5,145,3,27,976,2,2019,0.10973466409127286,0.12152694362067482,0.09914876022795484
5,69,3,27,1029,2,2019,0.01434113380589668,0.017489089942210916,0.011867087757851901
5,298,3,27,976,2,2019,0.2091052435171447,0.2296756687966535,0.19131720705270203
5,133,3,27,1029,2,2019,0.011420888383134205,0.014971776372112097,0.008621659109633948
5,80,3,27,976,2,2019,0.027400560342523576,0.030783903867889272,0.024238380006415226
5,211,3,27,509,2,2019,0.023680732510942975,0.025224357654714345,0.02209798542162163
5,146,3,27,589,2,2019,0.12027754063022188,0.1280480416400399,0.11240448303232616
5,177,3,27,509,2,2019,0.015193608493160163,0.016390808152576302,0.014099057660481687
5,374,3,27,509,2,2019,0.03355109104331143,0.03548050908184607,0.03186378804353867
5,59,3,27,589,2,2019,0.10704991483359162,0.11525405198400684,0.09891423826573152
5,155,3,27,976,2,2019,0.05357985327340775,0.05869252270939487,0.04818713561365281
5,59,3,27,509,2,2019,0.013973927475756842,0.014942768885538683,0.013058957957631694
5,37,3,27,491,2,2019,0.07348972712057728,0.07723339661780279,0.06979860813114173
5,200,3,27,1029,2,2019,0.003268392311434913,0.004228967622552234,0.002532972007552759
5,90,3,27,589,2,2019,0.057690165073560666,0.0612328877620661,0.05366559904860213
5,37,3,27,509,2,2019,0.03131566909157571,0.0327104399847863,0.029906799128071905
5,15,3,27,509,2,2019,0.040811272987163374,0.04224946561295807,0.03939591049909007
5,123,3,27,509,2,2019,0.013156206591452118,0.014040088540724525,0.012229672018717424
5,80,3,27,509,2,2019,0.021663704592294348,0.023047859556253752,0.02031738846267301
5,6,3,27,976,2,2019,0.04812165331496745,0.05281099896050237,0.043896168293855335
5,145,3,27,1029,2,2019,0.009084909848317151,0.010533625350714896,0.007857401013530165
5,435,3,27,491,2,2019,0.07007582544164698,0.07599235254411571,0.0647610047288486
5,200,3,27,976,2,2019,0.04222781932771717,0.04672731906361841,0.03807539145497246
5,189,3,27,589,2,2019,0.059766317636291304,0.0639545807268968,0.05551634442531136
5,37,3,27,589,2,2019,0.09262465350481613,0.09961347245395276,0.08571550541863363
5,136,3,27,491,2,2019,0.05709907076389453,0.06086679506046219,0.053479807398589534
5,26,3,27,509,2,2019,0.03178539533265148,0.03270132203137601,0.030750881786782737
5,136,3,27,509,2,2019,0.018384355685590638,0.01945922360318734,0.01732669864314203
5,24,3,27,1029,2,2019,0.0064535499211015885,0.008405562086461711,0.004889387810318022
5,125,3,27,509,2,2019,0.026139987620289653,0.027605405411755424,0.024775973637487188
5,144,3,27,1029,2,2019,0.008236618364675955,0.009667746921027497,0.007125301723602231
5,305,3,27,509,2,2019,0.01403998996676452,0.01513125689086187,0.013005743323146489
5,201,3,27,491,2,2019,0.05772449418825966,0.06258002211124802,0.05323159776803056
5,146,3,27,976,2,2019,0.08125928135768927,0.09072897982706948,0.07289069925220502
5,155,3,27,1029,2,2019,0.009340137706445243,0.011362490532757332,0.007624000491746102
5,59,3,27,976,2,2019,0.040575225342609066,0.04467569846873195,0.03651331020405967
5,47,3,27,491,2,2019,0.0840110117635694,0.08835444115981657,0.0799946204435572
5,47,3,27,589,2,2019,0.08140705649879786,0.0870862862031157,0.07552342681863526
5,7,3,27,491,2,2019,0.062487524658311665,0.06592035819586507,0.059281356428663445
5,146,3,27,509,2,2019,0.028913058341887798,0.030802353117706998,0.027081184292842352
5,136,3,27,589,2,2019,0.08724905000765278,0.09293939696831466,0.08156802175524842
5,81,3,27,491,2,2019,0.06329134949149977,0.06688605615063567,0.0598605972279622
5,435,3,27,509,2,2019,0.016015351317008156,0.017200402587973524,0.014874506934782589
5,81,3,27,509,2,2019,0.03763824521276995,0.039448665715668574,0.03574637146541163
5,7,3,27,589,2,2019,0.09072207756594153,0.09743233114940435,0.08405521386716713
5,369,3,27,1029,2,2019,0.010031323468196386,0.012415307098306051,0.007887168051184792
5,177,3,27,976,2,2019,0.03471959220988605,0.03836659463654144,0.03130494686110332
5,113,3,27,1029,2,2019,0.008177488408242275,0.010361087447626625,0.006309218135649101
5,60,3,27,491,2,2019,0.07713880879872011,0.08112289563881628,0.07324160241414551
5,177,3,27,1029,2,2019,0.004683797445760488,0.006540363089169447,0.0033333157833583408
5,37,3,27,976,2,2019,0.03463236316937349,0.03841458088737468,0.030795398044958837
5,7,3,27,509,2,2019,0.03928777148166684,0.0405543970981747,0.03793872085921328
5,189,3,27,1029,2,2019,0.004440774605465254,0.005475288390686477,0.0035354535511493155
5,201,3,27,589,2,2019,0.06374123105567409,0.067966871707094,0.05944559957633751
5,81,3,27,589,2,2019,0.06410136371990581,0.06785799512128066,0.06039105359506837
5,213,3,27,491,2,2019,0.06138526789052449,0.06689784106987318,0.05680148101384836
5,156,3,27,491,2,2019,0.08906841481792532,0.09304013291281657,0.08540715177923525
5,112,3,27,589,2,2019,0.10222218417031267,0.10888233036320108,0.09552004050509066
5,60,3,27,589,2,2019,0.10271668592333237,0.11090349767537976,0.09474533682929778
5,90,3,27,976,2,2019,0.052180796899715914,0.058416554223962226,0.04633936262945119
5,46,3,27,1029,2,2019,0.019045701875463714,0.02376187372470331,0.015148001424689026
5,14,3,27,509,2,2019,0.033469388053796505,0.035306536155846426,0.031723480607841074
5,211,3,27,976,2,2019,0.03633419951185755,0.04019594419790558,0.03284538156150459
5,136,3,27,976,2,2019,0.0535168723110725,0.05905496742952869,0.048565806173418026
5,178,3,27,491,2,2019,0.06506088962956397,0.07087123440249009,0.05996259448529532
5,37,3,27,1029,2,2019,0.004754336339577557,0.005368586235080087,0.004212675717785172
5,190,3,27,491,2,2019,0.0641965889007025,0.07071433483842575,0.05855784420598584
5,201,3,27,509,2,2019,0.014697891494213121,0.01552908027253953,0.013891992042799403
5,102,3,27,1029,2,2019,0.028500728614708492,0.032493586960360324,0.025175329737040748
5,189,3,27,976,2,2019,0.029200693563166076,0.03241602923136876,0.026306122365939752
5,435,3,27,589,2,2019,0.05663816163644569,0.06101016465492607,0.052050589771804705
5,213,3,27,589,2,2019,0.06791629659935122,0.073938012975759,0.062369706622796894
5,147,3,27,509,2,2019,0.02570921874726513,0.027316952763085538,0.024120621232003665
5,178,3,27,589,2,2019,0.05745072870081857,0.061603755113532006,0.05326266540293041
5,168,3,27,589,2,2019,0.06019627536487693,0.06460084180609037,0.055692224415570216
5,168,3,27,491,2,2019,0.06696942905845232,0.07239504994426119,0.06246474504099997
5,168,3,27,509,2,2019,0.017915848652768396,0.019076988556634582,0.016743276856367926
5,156,3,27,509,2,2019,0.030770207619606638,0.03206253167048936,0.029551256335362062
5,60,3,27,509,2,2019,0.016622147508464486,0.017589431135411306,0.01571141508915939
5,38,3,27,491,2,2019,0.08342536109006468,0.08758147689331364,0.0791322320987648
5,136,3,27,1029,2,2019,0.007821951521291191,0.009993059073198885,0.005981116576247175
5,125,3,27,1029,2,2019,0.009178510462108285,0.01167568422468233,0.007135524634662928
5,156,3,27,589,2,2019,0.12094928206617153,0.1292533725130257,0.11303962593527611
5,15,3,27,491,2,2019,0.05795102194013593,0.06114095124648446,0.05475177559693304
5,81,3,27,976,2,2019,0.0727107683016708,0.07994681738814201,0.06508753246941015
5,79,3,27,1029,2,2019,0.021987623988951703,0.027462657824668654,0.017656041944280842
5,48,3,27,1029,2,2019,0.01651444003897226,0.019877555656828985,0.013691916713860277
5,7,3,27,976,2,2019,0.04512739162814939,0.050000037133523065,0.0405327446463358
5,71,3,27,491,2,2019,0.07136491545438303,0.07499686029092525,0.0677232382132261
5,60,3,27,976,2,2019,0.03159000091910767,0.03481904240758966,0.028320164219406477
5,80,3,27,1029,2,2019,0.022583577092776422,0.028069856136896176,0.018168471587666053
5,6,3,27,509,2,2019,0.02573268176549306,0.028174335931742532,0.023495947236413975
5,435,3,27,1029,2,2019,0.002993235356219599,0.003989379278749911,0.0022613197041156372
5,178,3,27,509,2,2019,0.018693316817667564,0.019964414161854772,0.017494193355534732
5,38,3,27,509,2,2019,0.013411493713360163,0.014368516609791564,0.012478106867134978
5,190,3,27,589,2,2019,0.05593366057732908,0.06022384741640954,0.051814667084902115
5,146,3,27,1029,2,2019,0.019343455795446822,0.02383511976609645,0.015929807289261008
5,305,3,27,1029,2,2019,0.019785182177367907,0.02416075804367035,0.016581772950161607
5,81,3,27,1029,2,2019,0.022523701337309094,0.028496319714272866,0.01789916206291699
5,15,3,27,589,2,2019,0.1089260061546415,0.11687013395360651,0.10116872422739577
5,8,3,27,491,2,2019,0.06431187353161187,0.0672655879653063,0.06133238825558248
5,71,3,27,589,2,2019,0.07171302086838845,0.07613914535260044,0.06710681498172648
5,49,3,27,589,2,2019,0.08944260636380125,0.09570346970742952,0.08330300866878858
5,112,3,27,976,2,2019,0.09821869792413356,0.10734021096580584,0.09018627043622317
5,47,3,27,976,2,2019,0.09358395284366053,0.10281563437803122,0.08448599390086917
5,91,3,27,491,2,2019,0.05334265769055484,0.05674561226832509,0.04967086161734231
5,123,3,27,1029,2,2019,0.008587550734707817,0.011216108388513247,0.00647747686363513
5,298,3,27,509,2,2019,0.014456345607886289,0.015308737147410177,0.013663390907940347
5,374,3,27,491,2,2019,0.06740456805669467,0.0711946687151076,0.06389911515867185
5,16,3,27,491,2,2019,0.06507790033792454,0.06866458123427732,0.061444062212092664
5,212,3,27,509,2,2019,0.017625959776841303,0.01873898161910108,0.016586541288237267
5,8,3,27,589,2,2019,0.11363088850972375,0.12097571159695891,0.1066612127149333
5,170,3,27,589,2,2019,0.06324865779732544,0.06778261974500496,0.05885431944628854
5,38,3,27,589,2,2019,0.09953880908690418,0.10653812145811768,0.0923837882039334
5,213,3,27,976,2,2019,0.025951602936752433,0.028768327099791036,0.023059231095395902
5,211,3,27,1029,2,2019,0.003150416218574258,0.0039606388414507735,0.0025178482186622633
5,178,3,27,976,2,2019,0.03536102762305743,0.0391857389144551,0.0317644510901754
5,8,3,27,509,2,2019,0.011438267941430994,0.012303919903489977,0.010656224314576305
5,190,3,27,509,2,2019,0.0158195193792838,0.016915880340726865,0.014765004188382174
5,168,3,27,976,2,2019,0.04984777592438744,0.0550089645210557,0.04489250202580333
5,201,3,27,976,2,2019,0.03880546788572029,0.04262097520631144,0.03504642681599126
5,212,3,27,491,2,2019,0.06795696555315817,0.07361211413359314,0.06325363508935405
5,16,3,27,589,2,2019,0.11704587691627713,0.12500016678856068,0.10880747699589029
5,135,3,27,1029,2,2019,0.007936908223818963,0.008760491234295715,0.007514117708237231
5,61,3,27,509,2,2019,0.020662704071828523,0.02174433827321315,0.019602777504442757
5,69,3,27,589,2,2019,0.10710661519538862,0.11445778480864054,0.09990895805519953
5,156,3,27,976,2,2019,0.11667428996336915,0.12881677566394242,0.10628527684062127
5,82,3,27,509,2,2019,0.030833926682875025,0.032512523155010284,0.029345014453218087
5,91,3,27,509,2,2019,0.02949221118005484,0.031159149466481958,0.027987499980407282
5,48,3,27,491,2,2019,0.08288128889126994,0.08687807209847473,0.07885569464867052
5,60,3,27,1029,2,2019,0.0139845291180564,0.016627065557988523,0.011421471827107834
5,376,3,27,1029,2,2019,0.012436257177401853,0.01454506926597681,0.010427303056052783
5,71,3,27,976,2,2019,0.03778555776381092,0.042472146137327735,0.03352439878990784
5,435,3,27,976,2,2019,0.032688650896697834,0.03627676858531744,0.029417417547989308
5,49,3,27,976,2,2019,0.07780322731951685,0.08593004939483115,0.07011940507380791
5,38,3,27,1029,2,2019,0.005830562048194443,0.007378973600112276,0.004641745656656716
5,71,3,27,1029,2,2019,0.02738495322329153,0.03364147263842339,0.022266820911507047
5,91,3,27,589,2,2019,0.06201410647794481,0.06675355288869327,0.05755698014350961
5,374,3,27,589,2,2019,0.12499704759550136,0.13433072564930704,0.11601588847113542
5,26,3,27,1029,2,2019,0.004876948678115256,0.006343625157179375,0.0038502661224411577
5,202,3,27,589,2,2019,0.07996417930739065,0.08521239616256487,0.0746075907259318
5,170,3,27,976,2,2019,0.05502816367862946,0.06106796271715161,0.049712219268331644
5,115,3,27,491,2,2019,0.07274357165992695,0.0768154031567754,0.06868969484173316
5,38,3,27,976,2,2019,0.02303183939202674,0.02616248664874619,0.02044437322660658
5,15,3,27,976,2,2019,0.06150202896312966,0.06641297546486798,0.05696677750093849
5,202,3,27,491,2,2019,0.062441316936203944,0.06798592602001767,0.05786533822316451
5,179,3,27,491,2,2019,0.060442577850765414,0.06589076754736736,0.05566522275555321
5,190,3,27,1029,2,2019,0.005514082674180189,0.006692980978219595,0.004448419290418231
5,160,3,27,491,2,2019,0.08555292662722463,0.08927416562393375,0.08161885262999682
5,212,3,27,589,2,2019,0.07187385670397552,0.07687232155755412,0.0668076597787314
5,105,3,27,1029,2,2019,0.01445658290100848,0.016954189342354882,0.012236974802566435
5,126,3,27,1029,2,2019,0.012762302419192772,0.01632549265175983,0.009908937884284649
5,8,3,27,976,2,2019,0.052721093954886146,0.055947033493455596,0.04958695510120958
5,59,3,27,1029,2,2019,0.014457869861097908,0.017160522719883917,0.012149789589767082
5,113,3,27,491,2,2019,0.07039535320039694,0.07448490119387115,0.06683716661226398
5,16,3,27,1029,2,2019,0.005764626080728015,0.006953862305092917,0.004779568744267398
5,214,3,27,509,2,2019,0.013751773449992557,0.014974090608179684,0.012609424496384719
5,115,3,27,589,2,2019,0.09206102318316425,0.09791600635019689,0.0861050546521924
5,201,3,27,1029,2,2019,0.003560894066417918,0.004323810194716309,0.002896606259601121
5,72,3,27,491,2,2019,0.06400926195077299,0.06727284687731742,0.060595133533683246
5,147,3,27,1029,2,2019,0.007168214311830425,0.008981004393832454,0.005749937975199608
5,160,3,27,589,2,2019,0.0975356397899463,0.10463975133612857,0.0904821987286442
5,190,3,27,976,2,2019,0.04132730803116807,0.045908581134361824,0.03697258784538426
5,179,3,27,589,2,2019,0.056672131177891084,0.06089316176790221,0.05236119634145251
5,50,3,27,491,2,2019,0.07639962794806208,0.08052216416300385,0.0723341407985992
5,50,3,27,509,2,2019,0.013387297739988261,0.014451911577916051,0.012357063622564479
5,28,3,27,491,2,2019,0.06735692992830189,0.07117871377259184,0.06361922774821388
5,48,3,27,509,2,2019,0.03731537443683686,0.03852749803362028,0.03619446499357549
5,169,3,27,491,2,2019,0.0627111942522456,0.06767548775321032,0.05828965615298876
5,82,3,27,1029,2,2019,0.020326796173099265,0.02543300480247566,0.01624142347168593
5,202,3,27,509,2,2019,0.02274823615680928,0.02419729676622717,0.021350580835096118
5,202,3,27,976,2,2019,0.0388457059198429,0.04284973039378448,0.03506958343752234
5,171,3,27,491,2,2019,0.059942396708532145,0.06465018771998784,0.05556734614858389
5,91,3,27,1029,2,2019,0.019967520508624034,0.025034041890779974,0.01582489758317467
5,39,3,27,491,2,2019,0.07588807003495449,0.07977728787966248,0.07227821180436574
5,69,3,27,976,2,2019,0.05962120285572453,0.0653852046726107,0.05381512087646116
5,113,3,27,589,2,2019,0.09307155941343598,0.09916357269786943,0.08707498195148751
5,28,3,27,589,2,2019,0.10107789520647188,0.10830649735181964,0.09352781263775348
5,72,3,27,509,2,2019,0.03744960858629456,0.040552993269287615,0.03450266855570541
5,72,3,27,589,2,2019,0.07360555764565754,0.07888299134977071,0.06833064703763846
5,17,3,27,491,2,2019,0.05615095846011501,0.05937168891148561,0.053020685228436004
5,8,3,27,1029,2,2019,0.01690453479608733,0.021743161932588302,0.013411375139311135
5,374,3,27,976,2,2019,0.17299873737442625,0.18962097203976283,0.15845922196281909
5,171,3,27,509,2,2019,0.020196514307657773,0.021682414925789525,0.018853882499133175
5,115,3,27,976,2,2019,0.08870716195160201,0.09657808352667528,0.0810164334314935
5,374,3,27,1029,2,2019,0.009573796110824958,0.012116661402015809,0.007285583259152318
5,39,3,27,589,2,2019,0.08910982531602397,0.09602060507846757,0.0822242907985641
5,39,3,27,509,2,2019,0.018766238256734943,0.019816469717845803,0.01774089898959894
5,169,3,27,509,2,2019,0.019386292484406965,0.02076180375427525,0.018071477704511483
5,92,3,27,589,2,2019,0.05686111049551959,0.06088652471592731,0.05272123001895504
5,179,3,27,976,2,2019,0.02526919768949651,0.0279905751232708,0.022569345362031312
5,16,3,27,509,2,2019,0.024637533825017627,0.02656903325673677,0.0228695385615644
5,148,3,27,1029,2,2019,0.0059234708545514644,0.007517917983453542,0.004669506493690442
5,17,3,27,589,2,2019,0.12144856518756264,0.12984298530977362,0.11273339688276048
5,105,3,27,491,2,2019,0.07108650917782938,0.07522666103383165,0.06720146986767576
5,212,3,27,976,2,2019,0.02687173856761554,0.029864355387399042,0.024152951143428074
5,203,3,27,491,2,2019,0.07395953374143688,0.08128392037864128,0.06796423953307536
5,298,3,27,1029,2,2019,0.008575593730958448,0.010152165179664134,0.007279133310106043
5,157,3,27,509,2,2019,0.021268179598193968,0.022731199859085893,0.019886600910857755
5,61,3,27,1029,2,2019,0.009381441122384118,0.010633530834377961,0.00822064323996536
5,179,3,27,509,2,2019,0.012062207612314925,0.013298767441816864,0.010895491946270444
5,91,3,27,976,2,2019,0.06907497197128393,0.07652496968693476,0.061505392315677844
5,160,3,27,976,2,2019,0.08859056122400578,0.09950452291132594,0.07925246251039741
5,28,3,27,976,2,2019,0.10881357703470762,0.11890772498891729,0.09972922761631567
5,178,3,27,1029,2,2019,0.004342589923729457,0.0055902040910324295,0.0032893769608827927
5,191,3,27,509,2,2019,0.016821980901157798,0.017901720932956614,0.01579139723703109
5,50,3,27,589,2,2019,0.09054709064467409,0.09673379797291613,0.08444075051767237
5,157,3,27,491,2,2019,0.08362097891009987,0.08748593542469876,0.07970870505395607
5,39,3,27,1029,2,2019,0.004147618801593473,0.005032916671019375,0.003489355762642238
5,203,3,27,509,2,2019,0.01586700638641181,0.01672783608627739,0.015049139572015072
5,106,3,27,491,2,2019,0.06887613342960267,0.07286179890273145,0.06528273128813815
5,125,3,27,491,2,2019,0.04589988419106665,0.04850992701045115,0.04331125778629911
5,26,3,27,491,2,2019,0.06659747102910017,0.07037650886574384,0.06326764333990025
5,10,3,27,509,2,2019,0.0227996398395343,0.024219359190279618,0.021450789492123132
5,72,3,27,976,2,2019,0.033789161418207994,0.037519817620925516,0.03014513506287781
5,376,3,27,491,2,2019,0.07173448584884358,0.07564372750901742,0.06783165076266975
5,105,3,27,589,2,2019,0.11094682091565293,0.12211152894783991,0.10183390659640676
5,180,3,27,491,2,2019,0.07067150432703038,0.07682159553324441,0.0653553823173134
5,17,3,27,976,2,2019,0.09647776401206903,0.1052087721059925,0.08815713492988023
5,116,3,27,491,2,2019,0.07441294938994525,0.07854428506357711,0.07048034713792882
5,113,3,27,976,2,2019,0.11159302141309206,0.12076416644141547,0.10281564582902032
5,212,3,27,1029,2,2019,0.0036499925004678697,0.0046770781607256605,0.002708423144726047
5,148,3,27,491,2,2019,0.08880395388807043,0.0929356474442392,0.08468065346107934
5,16,3,27,976,2,2019,0.04516163245917315,0.04907256134627771,0.041452574777308376
5,92,3,27,491,2,2019,0.055495624768485255,0.058696268293216926,0.05220406252302558
5,116,3,27,509,2,2019,0.020423951070931992,0.021488143305233652,0.01940290865083432
5,191,3,27,491,2,2019,0.06351349308823522,0.06879865879211539,0.05873235679871666
5,39,3,27,976,2,2019,0.058114130431098684,0.06397968514165572,0.05285013080470617
5,127,3,27,589,2,2019,0.12302769392706081,0.1313387325138052,0.11458565046845247
5,169,3,27,589,2,2019,0.05669314976301612,0.060898883107637455,0.05252397747784913
5,305,3,27,491,2,2019,0.06204080041430198,0.06548869774741428,0.05888292068540179
5,106,3,27,589,2,2019,0.09383844727900495,0.09976138066137738,0.08791580411244224
5,161,3,27,509,2,2019,0.030624338973265695,0.03229062973063208,0.02893558075304929
5,116,3,27,589,2,2019,0.09654013619636709,0.10276769865916502,0.08997560891398032
5,157,3,27,589,2,2019,0.09078928889170945,0.0977827934014173,0.08361627590318196
5,180,3,27,509,2,2019,0.017819569442906216,0.019464247106581352,0.01638586584097639
5,50,3,27,976,2,2019,0.06992387338077198,0.07686849129245746,0.062817581129005
5,385,3,27,491,2,2019,0.06435807939088989,0.06763928382312925,0.06110430538537247
5,125,3,27,589,2,2019,0.1059134099277513,0.11334992497328161,0.09866524902626325
5,148,3,27,589,2,2019,0.10981677648196912,0.11743549306415588,0.1025621535645772
5,213,3,27,509,2,2019,0.017464448668191444,0.018617151970475136,0.0163326400681369
5,51,3,27,509,2,2019,0.024025789858552155,0.0262997035667354,0.022077144392775677
5,26,3,27,589,2,2019,0.08774131321017849,0.09470412131036825,0.080664767805725
5,139,3,27,1029,2,2019,0.006089643456531636,0.0073115636656111375,0.005008184097545801
5,40,3,27,491,2,2019,0.08458602832398604,0.08846559604261689,0.08068972077435832
5,376,3,27,589,2,2019,0.12477495449961314,0.13364262046509556,0.11595012116486733
5,29,3,27,509,2,2019,0.01257464107024428,0.013360135899898628,0.011777634666088683
5,83,3,27,1029,2,2019,0.020944966645626093,0.02345006084596838,0.018594711644084605
5,92,3,27,509,2,2019,0.03400979062668443,0.03573408395337647,0.03232439463634869
5,191,3,27,589,2,2019,0.06063394293877392,0.06484388815404245,0.05624672494584351
5,376,3,27,509,2,2019,0.012289329724772294,0.013038472550628292,0.01154108755904941
5,40,3,27,589,2,2019,0.10306856609702472,0.11034030931239809,0.09585469546290962
5,74,3,27,491,2,2019,0.05640046077025119,0.05971977803906153,0.05307409054450026
5,385,3,27,589,2,2019,0.10283615051207048,0.11012137731517192,0.09577697973440195
5,305,3,27,589,2,2019,0.09256110233547048,0.09898768396692269,0.08623832002563606
5,107,3,27,491,2,2019,0.07279163896119979,0.07700002379430569,0.06902722259093959
5,40,3,27,509,2,2019,0.014137106207073225,0.014910590649057882,0.013426960196633033
5,62,3,27,1029,2,2019,0.01382814558377819,0.015790767564166783,0.012122503112162359
5,116,3,27,976,2,2019,0.11725882021864023,0.12751101460267253,0.10757753805089493
5,18,3,27,509,2,2019,0.020687744241492025,0.02183277344743289,0.01950832083520043
5,15,3,27,1029,2,2019,0.0047820317289670716,0.005875205823792294,0.003882460424763949
5,48,3,27,589,2,2019,0.0833071457479669,0.08934897315077925,0.07716436600440432
5,7,3,27,1029,2,2019,0.00585953390987836,0.007218626641466488,0.004711058375536816
5,149,3,27,491,2,2019,0.08430727331076229,0.08817258462252595,0.08032868045903305
5,105,3,27,976,2,2019,0.08806825817589636,0.09638891107415486,0.08024334974249041
5,74,3,27,509,2,2019,0.03544493161673765,0.037741850726536505,0.033273825426243187
5,114,3,27,509,2,2019,0.018507729423030007,0.01978854450274285,0.01728136222810665
5,51,3,27,491,2,2019,0.06906642335275737,0.07320963967297954,0.0651162898734554
5,128,3,27,589,2,2019,0.12032208433697007,0.12868934901752216,0.11209634988096578
5,107,3,27,589,2,2019,0.09418374996019904,0.10025836491959324,0.08821893692487713
5,351,3,27,491,2,2019,0.0731203857142107,0.07706977157573926,0.06932330204011353
5,84,3,27,491,2,2019,0.06035936012828825,0.06395651405500016,0.05673880847218445
5,140,3,27,491,2,2019,0.07754643969454582,0.08094003700539436,0.0738134243853944
5,83,3,27,491,2,2019,0.056944698094668504,0.0601136005985069,0.053785414357039624
5,106,3,27,976,2,2019,0.0817549180122291,0.08959721309791291,0.0744734379718123
5,148,3,27,976,2,2019,0.07247886734206298,0.08049291044346339,0.06515409276282069
5,157,3,27,1029,2,2019,0.003524071768956156,0.004555109125433406,0.002720907727030066
5,92,3,27,976,2,2019,0.06003241813379971,0.06701045366728467,0.05405200259746183
5,169,3,27,976,2,2019,0.054710608556931314,0.06044275193615892,0.04949448877098462
5,10,3,27,1029,2,2019,0.004999479427854169,0.005964135886977816,0.0040176193089142866
5,180,3,27,976,2,2019,0.028956982350188766,0.03222822774738836,0.025979660721803598
5,149,3,27,589,2,2019,0.11697166196822306,0.12525174055046037,0.10949779224823931
5,116,3,27,1029,2,2019,0.012064092733532419,0.014458652477223699,0.010219081824419206
5,114,3,27,491,2,2019,0.06546463410684704,0.06917946222868745,0.06200459628477741
5,51,3,27,589,2,2019,0.08023460853704159,0.08598404649703091,0.07423905854058976
5,351,3,27,589,2,2019,0.11639746544205291,0.1252307994034677,0.10762830102708956
5,157,3,27,976,2,2019,0.04827344627734231,0.05412057925033021,0.04277185899386912
5,125,3,27,976,2,2019,0.07147408867039666,0.07833117816640411,0.06490431440788344
5,84,3,27,589,2,2019,0.0710908724424256,0.07479433749464154,0.06758195050404361
5,215,3,27,1029,2,2019,0.005166336139781965,0.006377898193853133,0.0041175793020901685
5,140,3,27,589,2,2019,0.11838756857670817,0.12659782347520324,0.11082561034106013
5,376,3,27,976,2,2019,0.10809214931341854,0.11869706678749678,0.09874167543500603
5,202,3,27,1029,2,2019,0.004159028012619276,0.005581256005123361,0.003122819254747729
5,26,3,27,976,2,2019,0.10446787777946649,0.1149731052493588,0.09515904666670341
5,40,3,27,976,2,2019,0.050602976015131716,0.05545937644856061,0.045720754707029694
5,169,3,27,1029,2,2019,0.0031384575807540975,0.00414463956232857,0.0023362899373399154
5,385,3,27,976,2,2019,0.09969786349317475,0.10828335952186768,0.09109141413891772
5,191,3,27,976,2,2019,0.03591203474433689,0.03967947276865803,0.03237426688908683
5,107,3,27,976,2,2019,0.08119556460711712,0.08841258627005395,0.07463949156548386
5,161,3,27,1029,2,2019,0.0033090762627120975,0.004063268921737653,0.0026195973812574323
5,150,3,27,491,2,2019,0.08501662581705821,0.08889494721914168,0.0810641658973533
5,29,3,27,1029,2,2019,0.007484331913900145,0.009460300211957625,0.005868060529845574
5,17,3,27,509,2,2019,0.024515549154283157,0.025978554861079844,0.023036202897652746
5,305,3,27,976,2,2019,0.05215024466607896,0.057395795409991936,0.046973567595260626
5,107,3,27,509,2,2019,0.010940510129691692,0.011853930330413787,0.01006962768867178
5,172,3,27,1029,2,2019,0.004737080300052604,0.007019124857930126,0.0032950100915172427
5,83,3,27,589,2,2019,0.056737861441823856,0.06086572963904101,0.05267227964665545
5,114,3,27,589,2,2019,0.08046946071699974,0.08581164684097438,0.07456728404923345
5,117,3,27,509,2,2019,0.011937220934215504,0.012788298823955284,0.011149152113326634
5,93,3,27,491,2,2019,0.07036708720579907,0.07469339049482808,0.06622853201220213
5,41,3,27,491,2,2019,0.08483614680150149,0.08863655535432427,0.0810479365740475
5,127,3,27,976,2,2019,0.07869017118504067,0.08598712646738467,0.0717214938796404
5,128,3,27,976,2,2019,0.09184861841667884,0.09954756586272327,0.08433115092659312
5,351,3,27,976,2,2019,0.08421643577964315,0.09296286455310153,0.07664412485285527
5,48,3,27,976,2,2019,0.06226310698215676,0.06857675111739414,0.055963003982807874
5,150,3,27,589,2,2019,0.1090251291130417,0.11630067424871451,0.10181079347921002
5,147,3,27,491,2,2019,0.08711151676964639,0.09117372128586994,0.08319333882555163
5,71,3,27,509,2,2019,0.03478250729941951,0.036779883807488076,0.03286548013224223
5,140,3,27,976,2,2019,0.14852399536817495,0.15968159783503644,0.1380812341989243
5,27,3,27,491,2,2019,0.07488608445403204,0.07915775827773096,0.07087846099357795
5,27,3,27,589,2,2019,0.115909571506875,0.1241523887843771,0.10759990570755104
5,41,3,27,509,2,2019,0.016511286127580672,0.017401912560746486,0.015613662680270687
5,128,3,27,491,2,2019,0.051499553263338105,0.055070508057327335,0.048131667210008874
5,181,3,27,509,2,2019,0.022297573249432268,0.02382268560856055,0.02079935408485983
5,149,3,27,509,2,2019,0.016390360766019036,0.017538580810837576,0.015328953858373129
5,149,3,27,976,2,2019,0.08782458405840596,0.0952608598271966,0.07969648527803609
5,61,3,27,491,2,2019,0.07177138592496632,0.07552324139706879,0.06819807416995663
5,170,3,27,491,2,2019,0.06776794290068612,0.07243474116323376,0.06327097662357939
5,51,3,27,976,2,2019,0.06165507559856953,0.0678385909456011,0.0554880529446065
5,393,3,27,509,2,2019,0.01958616506570349,0.020666068998808216,0.018522155548631233
5,129,3,27,491,2,2019,0.05375702167042485,0.05733319709180051,0.0504035206468609
5,84,3,27,976,2,2019,0.04501466966473568,0.05068318071087549,0.039994218869848705
5,108,3,27,491,2,2019,0.07139342427179454,0.07538081168206837,0.06753405674574603
5,19,3,27,491,2,2019,0.06150871718651896,0.06487114308901457,0.05833743419716552
5,93,3,27,589,2,2019,0.06938214970896284,0.07463728338212658,0.06381325005443367
5,83,3,27,976,2,2019,0.047042961006539125,0.05235017935970904,0.04199024431069951
5,41,3,27,589,2,2019,0.1063308248363675,0.11402491508698877,0.0983153918975175
5,18,3,27,1029,2,2019,0.007197493842405413,0.009312933383669257,0.005494292555093246
5,106,3,27,509,2,2019,0.01252847213200311,0.013426739168677131,0.011658895159573118
5,213,3,27,1029,2,2019,0.002660659080426517,0.0034207617051900782,0.002037981081871358
5,320,3,27,491,2,2019,0.07059316186436734,0.07473046683348515,0.06709378022625034
5,191,3,27,1029,2,2019,0.005062686201734809,0.00631276408583438,0.003949690412190271
5,92,3,27,1029,2,2019,0.02157954018299135,0.027018044399108515,0.01731418306911618
5,74,3,27,589,2,2019,0.06162938644237404,0.06577489565668997,0.05707413132013406
5,147,3,27,589,2,2019,0.11281271678163987,0.12062990676242323,0.10493885056856131
5,27,3,27,509,2,2019,0.013436844237703789,0.014341035657584846,0.01254530462245835
5,63,3,27,1029,2,2019,0.011497870690712309,0.013323494371302171,0.009893081420555897
5,17,3,27,1029,2,2019,0.005853394685721733,0.007619740492429473,0.00445467961336904
5,150,3,27,976,2,2019,0.07732471208915709,0.0853394442025445,0.06956214589656233
5,179,3,27,1029,2,2019,0.003264672007974383,0.003889571308241464,0.0027634648407171224
5,129,3,27,509,2,2019,0.023510206677342504,0.025109459289983753,0.022145817716771547
5,108,3,27,509,2,2019,0.019023767115607576,0.020011910916735265,0.018064679365123588
5,19,3,27,589,2,2019,0.10401807186910153,0.11167515265275256,0.09629307896461674
5,74,3,27,1029,2,2019,0.025319119369905073,0.031849386814345286,0.019738866823029753
5,170,3,27,509,2,2019,0.02110835171649557,0.022539795214881222,0.019710638971984384
5,141,3,27,491,2,2019,0.09723759464438769,0.10317292746348955,0.09189693821913461
5,114,3,27,976,2,2019,0.08940932541727536,0.09898199376080884,0.0806245239437306
5,126,3,27,491,2,2019,0.05698890783958427,0.060634256417155016,0.05356998226133973
5,52,3,27,509,2,2019,0.024905499896857777,0.025959731051430616,0.023825472776967806
5,150,3,27,509,2,2019,0.013345825356860934,0.01454295214149156,0.012218122134054226
5,85,3,27,509,2,2019,0.02442359191781827,0.025865084265816927,0.02312682401837366
5,380,3,27,509,2,2019,0.0335165077864843,0.035192032135028174,0.0319582064555206
5,141,3,27,509,2,2019,0.0286140218082005,0.030141913202245817,0.027138688277290372
5,85,3,27,491,2,2019,0.05398495603943218,0.05732539524817704,0.050687924449328875
5,320,3,27,589,2,2019,0.12135113422272413,0.13023308063507433,0.11267198027311226
5,49,3,27,491,2,2019,0.07227799203571908,0.07609331296058676,0.06869405015388012
5,126,3,27,509,2,2019,0.02228586721694587,0.02370699924143292,0.021113218178253488
5,117,3,27,1029,2,2019,0.011802664323829488,0.013773355186052095,0.010246195204688436
5,93,3,27,509,2,2019,0.03495327749297457,0.03808022035017501,0.03214858776663009
5,203,3,27,589,2,2019,0.0727725920063055,0.07762241901271831,0.06772396304766243
5,141,3,27,589,2,2019,0.11450666165712496,0.12225043174953108,0.10668177117221742
5,128,3,27,509,2,2019,0.012706111287480164,0.013573741380695538,0.01190600188532841
5,61,3,27,589,2,2019,0.09815750586788857,0.10563903108713517,0.09040060891582605
5,41,3,27,976,2,2019,0.055687671515993645,0.06059944865627244,0.051136438617398826
5,84,3,27,509,2,2019,0.04030708448339115,0.04222143353395054,0.038384954644461775
5,82,3,27,491,2,2019,0.05527769193165143,0.05857761714489489,0.05179495695780074
5,320,3,27,509,2,2019,0.035320156379152125,0.036974491563652095,0.03357829356021718
5,380,3,27,491,2,2019,0.06977972191558714,0.07376672436729242,0.0661343839172473
5,193,3,27,491,2,2019,0.06806205767187935,0.07270615536693759,0.06375270435623036
5,85,3,27,589,2,2019,0.071587183080837,0.07683317974273304,0.06661551401249408
5,52,3,27,1029,2,2019,0.012957103997771963,0.015396039061318811,0.010668864400722892
5,181,3,27,1029,2,2019,0.0033799942123193915,0.004325831730657191,0.0025832193723661166
5,126,3,27,589,2,2019,0.1369337567921968,0.14386731325192245,0.13066386794329685
5,93,3,27,976,2,2019,0.045625943770704655,0.0510590006306325,0.04022474954314508
5,49,3,27,1029,2,2019,0.013923250020560921,0.017208121820570105,0.011214646032403635
5,114,3,27,1029,2,2019,0.006062314489071541,0.007914996292976604,0.004083551223158843
5,180,3,27,589,2,2019,0.058600118817985,0.06290413058600353,0.05416996671721268
5,29,3,27,491,2,2019,0.07530227278106956,0.07966116228401268,0.0709860427512718
5,105,3,27,509,2,2019,0.011076992583728216,0.012020538925497893,0.010177250172037562
5,10,3,27,491,2,2019,0.055746519052458296,0.05877001430681293,0.05269910150336158
5,151,3,27,509,2,2019,0.01870382321175176,0.020094123240651827,0.017382656709492468
5,74,3,27,976,2,2019,0.044844468471807654,0.05076793156198994,0.03950717699544892
5,147,3,27,976,2,2019,0.09707017385393002,0.1086308680988855,0.08684333616576742
5,41,3,27,1029,2,2019,0.005944187930851969,0.00683205031955943,0.005090769993368365
5,49,3,27,509,2,2019,0.021093255205956004,0.022406692151171137,0.019912234252554173
5,27,3,27,976,2,2019,0.11772461857615082,0.129739017615929,0.10713509428877455
5,203,3,27,1029,2,2019,0.007098313730587624,0.008208196638949367,0.00604817147154474
5,19,3,27,976,2,2019,0.05138633451106068,0.0564956012306896,0.046390427248607306
5,380,3,27,589,2,2019,0.1280998687109901,0.1372014651546704,0.1190204339866151
5,170,3,27,1029,2,2019,0.004412698346704991,0.005663195612065121,0.0034130049883407663
5,40,3,27,1029,2,2019,0.005140803938286765,0.00630077740314342,0.004254640276746446
5,82,3,27,589,2,2019,0.07688666926733162,0.0917581370880093,0.06505685060352191
5,141,3,27,976,2,2019,0.0592761370722328,0.06615603459375634,0.05344836776357239
5,63,3,27,491,2,2019,0.08071384575467584,0.08520614308212557,0.07639012365994106
5,61,3,27,976,2,2019,0.04503357891458877,0.049994488181498035,0.040600379235105635
5,193,3,27,589,2,2019,0.08101134322992674,0.08658017668649065,0.07532279080591475
5,10,3,27,589,2,2019,0.09687936238196843,0.10392744216726749,0.08985461798645923
5,75,3,27,1029,2,2019,0.019957810865744857,0.024343376381082343,0.016350642662374296
5,75,3,27,491,2,2019,0.06872014908652223,0.07207679214040565,0.06535484277386328
5,29,3,27,589,2,2019,0.11701904323304467,0.12559403768292407,0.10851278869027023
5,214,3,27,491,2,2019,0.06687660015034055,0.07303463311442593,0.06175981543386019
5,204,3,27,1029,2,2019,0.002907142771652413,0.0035584214735439722,0.002326766359268457
5,193,3,27,509,2,2019,0.023712730415385807,0.025231817569055605,0.02226314725392536
5,203,3,27,976,2,2019,0.05391351217395388,0.05952693738328199,0.04833457423390892
5,63,3,27,589,2,2019,0.10032160298565629,0.1084873598108997,0.09248525793255669
5,85,3,27,976,2,2019,0.05133495223111888,0.05606363442959788,0.04628796310194844
5,20,3,27,509,2,2019,0.030089711006895056,0.031625074680841456,0.028623129958240498
5,75,3,27,509,2,2019,0.03415063485135336,0.03602710473060706,0.032425753268671566
5,115,3,27,509,2,2019,0.019149012622004226,0.020185556883682346,0.018136354643909544
5,142,3,27,491,2,2019,0.09559253852012564,0.10102325094816554,0.09006542336507459
5,108,3,27,1029,2,2019,0.007294543462713437,0.008436526064352978,0.006302421973582868
5,130,3,27,509,2,2019,0.023941848358204083,0.026202696422268548,0.021912177516749544
5,139,3,27,491,2,2019,0.08213700105127034,0.08588097254757426,0.07834592373531159
5,139,3,27,589,2,2019,0.11294247521180503,0.1209759830814916,0.10501913221099624
5,214,3,27,589,2,2019,0.06786208889075379,0.07219091586907683,0.06312837740995757
5,320,3,27,976,2,2019,0.13343140419582614,0.145528666876353,0.12241048087093083
5,28,3,27,509,2,2019,0.015193355596709195,0.01618387819159147,0.014249184567832416
5,142,3,27,509,2,2019,0.02154998884996517,0.023448749541304246,0.019878266064633027
5,29,3,27,976,2,2019,0.11009941843529264,0.12034592154425285,0.10082318677621034
5,10,3,27,976,2,2019,0.0566691911684789,0.06257100430427108,0.051380709316611727
5,82,3,27,976,2,2019,0.04850071049476999,0.05401621979734478,0.042899798537525596
5,43,3,27,509,2,2019,0.017059564537532077,0.0183333576921221,0.01587429459088507
5,62,3,27,491,2,2019,0.08037741714312799,0.08452399061808781,0.07640624588722339
5,126,3,27,976,2,2019,0.0772669885108614,0.08494770142808554,0.06916854247722469
5,86,3,27,491,2,2019,0.08060012922148198,0.08367328912943443,0.07743099478024737
5,94,3,27,509,2,2019,0.028144043083934336,0.029695168560913383,0.026620352532756696
5,180,3,27,1029,2,2019,0.0035141660359088228,0.004154093814379582,0.0029643725101064075
5,380,3,27,1029,2,2019,0.011629915757228477,0.014335761392379066,0.009247822372752538
5,175,3,27,491,2,2019,0.06631774839633713,0.07206315519447659,0.061367730728831366
5,148,3,27,509,2,2019,0.019871209928572463,0.021139614995362377,0.018705688211215113
5,27,3,27,1029,2,2019,0.00619458513093317,0.008029458308243784,0.004801563214952098
5,119,3,27,491,2,2019,0.07732370344731938,0.08144839245313297,0.07320124038313383
5,204,3,27,491,2,2019,0.06256487357831415,0.06767405017797007,0.05839541275689781
5,86,3,27,509,2,2019,0.024580165199664238,0.026767349944080338,0.022507071671953382
5,218,3,27,491,2,2019,0.06678745619450376,0.07213018237221276,0.06239593804877939
5,396,3,27,1029,2,2019,0.028290907007760508,0.03661980309387155,0.02218535853051095
5,109,3,27,1029,2,2019,0.015186889975847159,0.01842201483367855,0.012154703356287884
5,175,3,27,589,2,2019,0.05570947998855961,0.05981948272819338,0.051382099584465636
5,127,3,27,491,2,2019,0.05183346421676405,0.05538843849276981,0.04860030190100823
5,11,3,27,491,2,2019,0.06327656255785642,0.06710324930301378,0.059637101582587955
5,380,3,27,976,2,2019,0.1409695467950837,0.15557767066406797,0.1292299452618183
5,119,3,27,589,2,2019,0.09510543550421884,0.10130508073702779,0.08905064513076696
5,160,3,27,509,2,2019,0.022220421965791923,0.0237793066641888,0.02072193674797713
5,150,3,27,1029,2,2019,0.008078637254480537,0.008946521359426992,0.007159246199788239
5,193,3,27,976,2,2019,0.059496615398396145,0.06560447591873658,0.05365990055022623
5,62,3,27,509,2,2019,0.019670725683441526,0.02119942987910771,0.018362728306899674
5,93,3,27,1029,2,2019,0.021362331746875643,0.024422461652483216,0.01845117751542303
5,63,3,27,976,2,2019,0.03370296711672841,0.037366405893231855,0.030215694382138714
5,349,3,27,509,2,2019,0.03604124393048828,0.037533815302791956,0.03451084415614341
5,218,3,27,589,2,2019,0.0675310431359548,0.07209611175998494,0.06310419657233947
5,142,3,27,976,2,2019,0.06618422973564014,0.07296636425034717,0.059489250961301504
5,349,3,27,491,2,2019,0.07683383288575737,0.08081667661329761,0.072910025574203
5,66,3,27,491,2,2019,0.05865552217994036,0.061489867454446026,0.055890603849159365
5,30,3,27,509,2,2019,0.016748679519621716,0.01793430001546556,0.015633839062261432
5,43,3,27,1029,2,2019,0.009293928356890194,0.012045864086438719,0.007072980192239385
5,33,3,27,491,2,2019,0.08055572255840915,0.08475139177817592,0.07639468121036776
5,320,3,27,1029,2,2019,0.011365040361427986,0.013768837184970203,0.009222167435594333
5,20,3,27,1029,2,2019,0.007842068439627592,0.009476835103239753,0.006253859384058987
5,204,3,27,509,2,2019,0.017102022645819354,0.018143387706457546,0.016067799191047522
5,54,3,27,491,2,2019,0.07306701893967418,0.0769357479063525,0.06929491262272972
5,164,3,27,589,2,2019,0.07894531464632577,0.08395061558895217,0.07378256037411395
5,86,3,27,976,2,2019,0.05698277474205561,0.06383420450324757,0.050096479569974824
5,53,3,27,1029,2,2019,0.016349919421559986,0.020289565100306498,0.01322653887898968
5,204,3,27,589,2,2019,0.062158498074213045,0.0665264819124146,0.05760494931607999
5,127,3,27,509,2,2019,0.017207816873889174,0.018352324837440114,0.01613078430783419
5,151,3,27,1029,2,2019,0.011430420009182526,0.014175999877363945,0.009061520581532704
5,11,3,27,509,2,2019,0.02459406063439701,0.026693623524845177,0.02270731519864329
5,11,3,27,589,2,2019,0.10787609243895224,0.11584316444748974,0.09999914831501806
5,86,3,27,1029,2,2019,0.02429960366375392,0.028542723455658215,0.020589853188213623
5,214,3,27,1029,2,2019,0.003963312620125523,0.005081102885738685,0.002937152979852471
5,62,3,27,589,2,2019,0.11685000270776788,0.12484414427585898,0.10832991699600611
5,349,3,27,589,2,2019,0.06938617986379342,0.07416784753415631,0.06433786294421637
5,66,3,27,589,2,2019,0.10373214545818121,0.11159420746535442,0.09612603907568301
5,139,3,27,976,2,2019,0.08127226169973246,0.09113191853698106,0.07258547912946035
5,181,3,27,491,2,2019,0.07582254923578105,0.08257162444692398,0.06987710215396273
5,171,3,27,589,2,2019,0.05871811309458702,0.06302665237754562,0.05430111412802733
5,214,3,27,976,2,2019,0.026527670083067167,0.029400894637592503,0.02374458025851285
5,54,3,27,589,2,2019,0.0830976769862411,0.08870761057376109,0.07726357161690056
5,94,3,27,491,2,2019,0.0549663663987684,0.05808926155221142,0.051834414350764475
5,85,3,27,1029,2,2019,0.016878899872119275,0.020869369516964734,0.013569398883740922
5,33,3,27,589,2,2019,0.09946849293593252,0.10706672627380741,0.0915373894633758
5,76,3,27,509,2,2019,0.04321282671663169,0.044645048397139675,0.04179840073094644
5,218,3,27,976,2,2019,0.027303507390828843,0.03019522539499554,0.02459623200883601
5,385,3,27,509,2,2019,0.0229178607175845,0.024206694344598344,0.021657371015743068
5,152,3,27,1029,2,2019,0.0074903250860818196,0.00924393427647464,0.006089849311856022
5,83,3,27,509,2,2019,0.0322443913018893,0.03414874184153858,0.03059286917599783
5,139,3,27,509,2,2019,0.018930760361303554,0.02011190508368882,0.01781012460804717
5,194,3,27,509,2,2019,0.029315255115205545,0.030836102450651506,0.027783611419695296
5,119,3,27,976,2,2019,0.11489159226408148,0.12551937013636708,0.10605945165265081
5,115,3,27,1029,2,2019,0.013200716990059575,0.01663439280233125,0.010204993056574303
5,181,3,27,589,2,2019,0.056110178866127645,0.06050338912596539,0.0518442744316024
5,215,3,27,491,2,2019,0.07939015493534876,0.08682872387154836,0.07341571484478272
5,193,3,27,1029,2,2019,0.007907383450624523,0.0103334519125686,0.005777828543163378
5,94,3,27,589,2,2019,0.06769166751868062,0.0723570137860984,0.0630938973048332
5,54,3,27,976,2,2019,0.04813960329390545,0.05337513535467921,0.043127767149770437
5,44,3,27,491,2,2019,0.07844860383540717,0.08242340988716819,0.07454833449570943
5,77,3,27,491,2,2019,0.05571858814730331,0.0593058626688691,0.05195228226508922
5,87,3,27,509,2,2019,0.03701717634006704,0.0391884116532193,0.03509371454934153
5,171,3,27,1029,2,2019,0.0032401969432700717,0.004059453742562176,0.002553156095755091
5,22,3,27,491,2,2019,0.07452669228780542,0.07858882478113685,0.07063663661745985
5,30,3,27,1029,2,2019,0.004647702022478821,0.006064976289584823,0.0034218222708506402
5,72,3,27,1029,2,2019,0.03027519772976352,0.03514533417019127,0.026066038234984594
5,349,3,27,976,2,2019,0.040095286993981766,0.04488069803390886,0.03552624688356196
5,204,3,27,976,2,2019,0.0391067215838972,0.04315842857074387,0.03501816236335591
5,140,3,27,509,2,2019,0.021007585994423244,0.022452636765968682,0.019631253509891353
5,62,3,27,976,2,2019,0.029470535186733066,0.032594734766481934,0.026531897638162414
5,171,3,27,976,2,2019,0.04930009779915746,0.05478941197488505,0.044315772393833885
5,107,3,27,1029,2,2019,0.0183923100209045,0.02188337500598969,0.015100784238102974
5,44,3,27,589,2,2019,0.08268609009645482,0.08829739597904215,0.07711401194998194
5,20,3,27,491,2,2019,0.057933806438404956,0.06107515515757376,0.05496531487921146
5,215,3,27,509,2,2019,0.03505567526795907,0.036799397203360666,0.03326701048962245
5,77,3,27,589,2,2019,0.06884917978716061,0.07386418172198182,0.06373941462968158
5,28,3,27,1029,2,2019,0.010149644203080531,0.012694779202368365,0.007885185964354143
5,22,3,27,509,2,2019,0.00695309727262128,0.007418996146474698,0.006469462074093199
5,18,3,27,491,2,2019,0.05572860502168698,0.0589370366231194,0.05258358598775027
5,385,3,27,1029,2,2019,0.013592981954665656,0.017224741861239533,0.01059322385559049
5,127,3,27,1029,2,2019,0.007305583828530789,0.009466096942296947,0.005560813234226072
5,215,3,27,589,2,2019,0.07960798059796649,0.08479554752763929,0.07425039130471406
5,184,3,27,491,2,2019,0.07410384087967176,0.07988381461752371,0.06874827188814228
5,351,3,27,509,2,2019,0.010620014901478118,0.011281474302399296,0.009980442435644546
5,181,3,27,976,2,2019,0.030959072455279332,0.03431109495989731,0.027795170345833425
5,152,3,27,491,2,2019,0.08295658629434996,0.08638172967436053,0.07939060556559706
5,55,3,27,509,2,2019,0.020495291006100806,0.021787701536967796,0.01929200547008622
5,20,3,27,589,2,2019,0.10385814983147666,0.1113643905296882,0.09623347414946373
5,129,3,27,1029,2,2019,0.005947004326092771,0.007490556138409895,0.004822513809274851
5,18,3,27,589,2,2019,0.12643705046169554,0.13525082628391813,0.11784311966467774
5,416,3,27,491,2,2019,0.06498480528268462,0.0688669699384465,0.06167003590388355
5,152,3,27,589,2,2019,0.13119232564592737,0.13935312868309901,0.12303926700146603
5,52,3,27,491,2,2019,0.07635062576527332,0.08026920114866093,0.0725609923429543
5,161,3,27,491,2,2019,0.06332504632566245,0.0666778033606773,0.060065738426899676
5,205,3,27,491,2,2019,0.06655201688926106,0.07169768053534234,0.062160730735605726
5,184,3,27,589,2,2019,0.05906337663947342,0.06347966186438109,0.05458553616236202
5,160,3,27,1029,2,2019,0.004034663468912861,0.005131319644446205,0.0031048558866198844
5,172,3,27,491,2,2019,0.065961990490918,0.07129139343368948,0.061401426667612564
5,76,3,27,1029,2,2019,0.021848201453886367,0.027210407109210084,0.01749723280754934
5,172,3,27,589,2,2019,0.06553393989695491,0.07003495367277,0.06051720117752198
5,106,3,27,1029,2,2019,0.013947691733872487,0.017100504443787332,0.0113905625248346
5,63,3,27,509,2,2019,0.020257704584730432,0.021965768022428913,0.018752834514130196
5,161,3,27,589,2,2019,0.07007670372370925,0.07516724125494967,0.06489382194630827
5,18,3,27,976,2,2019,0.0497461938380616,0.05451777982475128,0.04544782532560133
5,87,3,27,1029,2,2019,0.02069617883236507,0.02465078636880165,0.01735789968716291
5,349,3,27,1029,2,2019,0.022573730823620252,0.025961986199983973,0.019606669941348614
5,215,3,27,976,2,2019,0.04407333028322213,0.04894231899138848,0.039389593902780386
5,194,3,27,491,2,2019,0.06364221256904024,0.06797168992760373,0.05959931627424812
5,55,3,27,589,2,2019,0.07923787583376425,0.08471109597733896,0.07330838884007593
5,94,3,27,1029,2,2019,0.021602202084306032,0.02699384627380047,0.017185932323009506
5,205,3,27,509,2,2019,0.017306590523633886,0.018389613332620836,0.016304216322579643
5,416,3,27,976,2,2019,0.1212601252666338,0.1342653619656405,0.10982102480037471
5,205,3,27,589,2,2019,0.06965897028885672,0.07434283974466346,0.06480587486602254
5,152,3,27,976,2,2019,0.09905272763951481,0.1098054878726836,0.08958351631618393
5,153,3,27,491,2,2019,0.08623869713289764,0.09047286878972136,0.08231989175200669
5,416,3,27,589,2,2019,0.11164556514175132,0.11975735383744916,0.10341185728974875
5,172,3,27,509,2,2019,0.018917023720877443,0.020352551042607653,0.01750795769223254
5,50,3,27,1029,2,2019,0.01569396152928346,0.018235583249853176,0.013372843986613089
5,52,3,27,589,2,2019,0.07708625820226324,0.08277251947394412,0.071317606530828
5,52,3,27,976,2,2019,0.041855463045866854,0.04657132457223183,0.0371691735623795
5,184,3,27,976,2,2019,0.037659607952483055,0.04152893050878356,0.03404559400972005
5,194,3,27,589,2,2019,0.07411430529018624,0.07919844523227144,0.0687317993087138
5,162,3,27,491,2,2019,0.060800470789392165,0.06442494501906686,0.05754141982378918
5,351,3,27,1029,2,2019,0.0068816485667909,0.008070934043876418,0.005898914780852396
5,153,3,27,589,2,2019,0.11032129914706794,0.11777070458320753,0.10336913844302753
5,182,3,27,509,2,2019,0.015358991298320362,0.016330376134233673,0.014427632411914406
5,194,3,27,1029,2,2019,0.005477655362751001,0.0073887282657609755,0.003953118195662364
5,66,3,27,509,2,2019,0.03181501448185114,0.03370509670850533,0.030000365740121403
5,94,3,27,976,2,2019,0.0466651359992089,0.05256491931279124,0.04148997603656993
5,55,3,27,491,2,2019,0.0755154033170637,0.0798369745751578,0.07135220923484874
5,205,3,27,976,2,2019,0.04151031697213889,0.04545856421671151,0.03764850875916632
5,162,3,27,589,2,2019,0.08496464914125912,0.09084047420792642,0.07881889630111949
5,393,3,27,491,2,2019,0.06373981463199047,0.06693762613376389,0.06059986578141788
5,43,3,27,491,2,2019,0.07739007605803777,0.08201001411500772,0.07301255904764396
5,20,3,27,976,2,2019,0.04770293763105155,0.05189179742769668,0.04372735566324844
5,19,3,27,509,2,2019,0.02565306692364311,0.027304215070833814,0.02412127092944737
5,216,3,27,491,2,2019,0.06682872557974838,0.07220896474205675,0.062236812819758874
5,95,3,27,491,2,2019,0.06090342786642467,0.06408876396421309,0.05762410987039762
5,95,3,27,509,2,2019,0.04285375777669873,0.045355029244723656,0.04042995465944018
5,153,3,27,509,2,2019,0.021254004784636116,0.022505969835437286,0.020032393491863157
5,182,3,27,491,2,2019,0.0702398889326783,0.07623088387067274,0.06479106319849279
5,393,3,27,589,2,2019,0.10479532962109794,0.11198611350139401,0.09777115074998954
5,206,3,27,976,2,2019,0.037315611902676925,0.04129822219973618,0.03361290559232328
5,53,3,27,509,2,2019,0.031065153092515816,0.03270113404457804,0.029487569830185065
5,185,3,27,509,2,2019,0.018617929404220943,0.020015481263916293,0.017440148649619295
5,149,3,27,1029,2,2019,0.008390505314002462,0.009620860910572543,0.007230816472813734
5,216,3,27,509,2,2019,0.017908111864226715,0.018956793826451743,0.016850946149791334
5,216,3,27,589,2,2019,0.06527118580541988,0.06971678578074741,0.06070259903779051
5,172,3,27,976,2,2019,0.05450808877364601,0.06052916342250226,0.049058000694336495
5,130,3,27,1029,2,2019,0.007813618429220104,0.008975974622051524,0.006763269269984523
5,162,3,27,976,2,2019,0.0527937771244557,0.05787173939698864,0.0480275858549688
5,43,3,27,589,2,2019,0.07934378152688873,0.08456442553688916,0.07386856069785928
5,95,3,27,1029,2,2019,0.02215713924417466,0.025866446040088392,0.018861013379600076
5,117,3,27,491,2,2019,0.07302043658794356,0.07743891517021222,0.06900157947801981
5,88,3,27,491,2,2019,0.0577981551451435,0.06129710211835889,0.05424201517293492
5,194,3,27,976,2,2019,0.05233454100724997,0.05790437037399779,0.047297104373642845
5,95,3,27,589,2,2019,0.057052764965525984,0.06090797684588096,0.053048105165486754
5,195,3,27,491,2,2019,0.06421315889773346,0.06901565256502393,0.060018499721768995
5,182,3,27,589,2,2019,0.0940164232028708,0.12171864817628963,0.07319570403544094
5,161,3,27,976,2,2019,0.047224259880914346,0.051553479214846355,0.04342297825727806
5,206,3,27,491,2,2019,0.07056569780923627,0.07636841310937537,0.06567684459455789
5,396,3,27,491,2,2019,0.06662337796435043,0.07101996853545621,0.062477309745734746
5,173,3,27,491,2,2019,0.06615997672913587,0.07134063896497325,0.06167338333302988
5,217,3,27,491,2,2019,0.07080250021268274,0.07646774613599469,0.06570241189885198
5,205,3,27,1029,2,2019,0.003243790489740758,0.004123551035213883,0.0024801471410187672
5,117,3,27,589,2,2019,0.09288932508929809,0.0985055469759299,0.08679112071988855
5,19,3,27,1029,2,2019,0.003877607330950313,0.004787888241280783,0.002803314802622184
5,396,3,27,589,2,2019,0.058713851065315466,0.06268231789931276,0.05437274020140337
5,217,3,27,589,2,2019,0.06551249280988614,0.06991674750681093,0.060984618813680565
5,195,3,27,589,2,2019,0.07292550127163343,0.07799138614600269,0.06758779049365744
5,207,3,27,491,2,2019,0.06714405005702923,0.07244927690623999,0.0624907143412515
5,163,3,27,509,2,2019,0.0347788339842064,0.03679907672874701,0.0327369105227352
5,206,3,27,509,2,2019,0.020609164252901557,0.021944100724237702,0.01936163208953738
5,206,3,27,589,2,2019,0.06740080747304798,0.07211337055504614,0.06269898625145162
5,173,3,27,589,2,2019,0.06839604934461908,0.07317627867874912,0.06362938245803215
5,141,3,27,1029,2,2019,0.005303349837769101,0.0068373834442975396,0.004022411606631422
5,84,3,27,1029,2,2019,0.024070654194079798,0.030137629979165446,0.019236509561636708
5,195,3,27,509,2,2019,0.02266561044385456,0.024108843915717507,0.02127501993955691
5,95,3,27,976,2,2019,0.08729398893462684,0.09772042022689871,0.07846281226693798
5,206,3,27,1029,2,2019,0.002809077028709037,0.0035188787531735197,0.0021435325025908002
5,182,3,27,976,2,2019,0.040020676454094524,0.044479979437725255,0.03613315636834307
5,128,3,27,1029,2,2019,0.005710433340299364,0.007148101538566131,0.004479659965199382
5,182,3,27,1029,2,2019,0.004440038569916122,0.0055559453560530365,0.003397156031999075
5,393,3,27,976,2,2019,0.08850340235444475,0.09694407643874488,0.0807864785525528
5,207,3,27,589,2,2019,0.06741117094537467,0.07202460484709512,0.06264614643719105
5,173,3,27,509,2,2019,0.016674103713850776,0.017870500653976502,0.015579493691098543
5,216,3,27,976,2,2019,0.05418035408117323,0.06015097230953314,0.04867995196713694
5,393,3,27,1029,2,2019,0.017283339496939887,0.021237770772652265,0.01409966048946644
5,217,3,27,976,2,2019,0.02455245563191191,0.02709593747852841,0.02207409220050828
5,162,3,27,509,2,2019,0.03328508766197909,0.03532880220918024,0.031360315273403945
5,140,3,27,1029,2,2019,0.008672502998596808,0.010416169248183733,0.007160490239741979
5,51,3,27,1029,2,2019,0.013028871963929062,0.015192718477107412,0.011187786649044582
5,43,3,27,976,2,2019,0.03354457143666758,0.03746346215711559,0.029867386549368213
5,195,3,27,1029,2,2019,0.005817614059381066,0.00782791258958946,0.004364736481718478
5,396,3,27,976,2,2019,0.048633363940972736,0.05451771473367625,0.043064169008183745
5,183,3,27,491,2,2019,0.06291384955306363,0.06646271623802937,0.059531149343972606
5,117,3,27,976,2,2019,0.10588634440107902,0.1153209255835781,0.09744637600713751
5,109,3,27,589,2,2019,0.08599725978472933,0.09197311343083381,0.08023848697588039
5,75,3,27,589,2,2019,0.06685117275666551,0.07127312719883296,0.06218222878031411
5,195,3,27,976,2,2019,0.0469102846897618,0.052031164608410986,0.04214792536681337
5,173,3,27,976,2,2019,0.060708081251468274,0.06727234897856711,0.05495283525505304
5,129,3,27,589,2,2019,0.10993757558579387,0.11748209265613452,0.10227735345228589
5,30,3,27,491,2,2019,0.076037748929393,0.0801297190499956,0.0721057681349043
5,183,3,27,589,2,2019,0.14303080612046448,0.15304236825556522,0.1337141464998254
5,175,3,27,509,2,2019,0.017910968586561795,0.019068026937413125,0.016837194382106502
5,413,3,27,509,2,2019,0.03356087903736211,0.03516645880677597,0.03193969464378636
5,218,3,27,509,2,2019,0.020034738750774803,0.021340093782350668,0.018804065911340158
5,396,3,27,509,2,2019,0.03443821842847787,0.036123483768172385,0.03265587521953863
5,216,3,27,1029,2,2019,0.0036837862426777348,0.0045576251908420766,0.0028695092875676695
5,207,3,27,976,2,2019,0.045729515733758164,0.05060527619322809,0.04129353087035927
5,217,3,27,509,2,2019,0.019015864804920277,0.020154458090898827,0.017920972297934566
5,75,3,27,976,2,2019,0.04207416237796937,0.04702651916078394,0.03706142498834226
5,30,3,27,589,2,2019,0.10465767678218749,0.1126222449610037,0.09677939024731501
5,44,3,27,509,2,2019,0.024135850878976114,0.025556860926208885,0.02275003895225547
5,54,3,27,1029,2,2019,0.01775374501107969,0.022214900236528876,0.01426907854983466
5,76,3,27,491,2,2019,0.06164724648835371,0.06491546017609845,0.058475805818345036
5,183,3,27,509,2,2019,0.020619118708264248,0.02167946823320529,0.01952006017430743
5,108,3,27,589,2,2019,0.09578241145786438,0.10202486820169442,0.08995592756815753
5,76,3,27,589,2,2019,0.06435114741414515,0.06861080782117615,0.060297813512192176
5,118,3,27,491,2,2019,0.0728209393761949,0.0765780866813754,0.06913486045129259
5,207,3,27,509,2,2019,0.01774803949153384,0.018762479171397638,0.016757429769151767
5,118,3,27,509,2,2019,0.015554884344919416,0.016415728713861384,0.014716117262985917
5,109,3,27,976,2,2019,0.07444067720601161,0.0821509267779288,0.06773127903432141
5,183,3,27,976,2,2019,0.11269044602174742,0.12172097613074609,0.10325546302548323
5,196,3,27,491,2,2019,0.06985093959996413,0.07463239527889362,0.06550744086049759
5,173,3,27,1029,2,2019,0.005202607826894002,0.006501186404352242,0.004020467543837739
5,196,3,27,509,2,2019,0.02337943902038797,0.02527622056555034,0.02165751426172789
5,218,3,27,1029,2,2019,0.003553606146329599,0.004501839950182036,0.0027888886129524533
5,30,3,27,976,2,2019,0.10784140755861213,0.11835519116653666,0.09810900474022044
5,208,3,27,509,2,2019,0.02011648202097806,0.0214190123612374,0.01888118996130576
5,129,3,27,976,2,2019,0.08573026107950979,0.0949698494676733,0.0772888838485715
5,118,3,27,589,2,2019,0.0941521668281782,0.09992989816222098,0.08806298390402197
5,151,3,27,491,2,2019,0.07658656889397562,0.08014796386406235,0.07289108881699186
5,97,3,27,491,2,2019,0.05503407733081811,0.058635491132657494,0.05185416623936279
5,196,3,27,589,2,2019,0.0815813791565362,0.08695457856978844,0.07605333860235126
5,162,3,27,1029,2,2019,0.003424462115305814,0.004315267519926097,0.0026082497943566503
5,76,3,27,976,2,2019,0.04623064488197395,0.0516558877244625,0.04082451611042177
5,22,3,27,589,2,2019,0.11811356935343144,0.1262975559086843,0.10999265555360065
5,151,3,27,589,2,2019,0.11996324696992047,0.12879704533514033,0.1116051939254176
5,207,3,27,1029,2,2019,0.0048556512643560135,0.005994941033621761,0.0039420908896876635
5,97,3,27,509,2,2019,0.031956570534988335,0.03357036934907652,0.030429145493012122
5,77,3,27,509,2,2019,0.030358489056852286,0.03225284413856331,0.02860698740515935
5,108,3,27,976,2,2019,0.06720484453806314,0.0732517599323729,0.06107308623793985
5,130,3,27,491,2,2019,0.053026913929797526,0.05626071705285448,0.050009931234791104
5,184,3,27,509,2,2019,0.015869270445384807,0.016801513273446988,0.014873206550929201
5,163,3,27,491,2,2019,0.06302005358975604,0.06721584901929498,0.05893151473531389
5,208,3,27,1029,2,2019,0.004205098445010531,0.005257443285072263,0.0033210871401217995
5,97,3,27,589,2,2019,0.07563535001141308,0.08083008599685794,0.07081248466388644
5,217,3,27,1029,2,2019,0.003277621204913569,0.004305407703728685,0.0024843978848576756
5,183,3,27,1029,2,2019,0.007557307886415145,0.009157370200095046,0.006219978133027657
5,209,3,27,491,2,2019,0.06456483684200322,0.0688501152743168,0.060518389093181094
5,109,3,27,491,2,2019,0.06393760157707762,0.06757806563177235,0.06038202114163024
5,118,3,27,976,2,2019,0.1079610549391588,0.11761984507665696,0.09914275905361498
5,416,3,27,1029,2,2019,0.006643919525640287,0.008601622830934434,0.005121417370119269
5,118,3,27,1029,2,2019,0.007301967460236376,0.008648738392405984,0.006145225491965475
5,130,3,27,589,2,2019,0.1429619014810295,0.15170082348906225,0.13397849367379225
5,163,3,27,589,2,2019,0.09365614566208794,0.1002834866331416,0.08709559311316052
5,196,3,27,976,2,2019,0.05813943743796523,0.06327125272852689,0.05343587759709071
5,413,3,27,491,2,2019,0.06618571749139585,0.07000907592936462,0.06270003999650565
5,209,3,27,589,2,2019,0.06756999148057748,0.07214097207459506,0.06287024453944055
5,53,3,27,491,2,2019,0.08236684361457268,0.08640899533469458,0.07850849352999713
5,109,3,27,509,2,2019,0.027926242063643143,0.029340085020318703,0.026458939974193657
5,197,3,27,509,2,2019,0.025697000093828554,0.027036254418042437,0.02437599018481166
5,151,3,27,976,2,2019,0.1738569188802353,0.1892059391477644,0.16027037812415074
5,97,3,27,976,2,2019,0.05229642452675524,0.057500459160443926,0.047041406729907684
5,197,3,27,491,2,2019,0.0667203108711437,0.0714616493259157,0.06242958707946854
5,413,3,27,589,2,2019,0.1137898986637343,0.1218176554749885,0.10528551771228373
5,142,3,27,589,2,2019,0.11294807961048745,0.11989664693445932,0.10588556154066849
5,86,3,27,589,2,2019,0.06290047472621545,0.0670678291054243,0.058462356325576406
5,53,3,27,589,2,2019,0.0857933641407396,0.09193668566916928,0.07984595694942138
5,98,3,27,589,2,2019,0.08301806180210619,0.08845069369271001,0.07757581673018012
5,119,3,27,509,2,2019,0.012303668344220548,0.013083241374766104,0.011548687186832248
5,130,3,27,976,2,2019,0.10345513487226293,0.11134626917009519,0.09469383818764057
5,97,3,27,1029,2,2019,0.011912107034564547,0.014673303033990514,0.00957995186297075
5,197,3,27,589,2,2019,0.08112719265051939,0.0869253771411115,0.07533101763732297
5,196,3,27,1029,2,2019,0.005497597492713737,0.0060058500249787605,0.005040602030169087
5,33,3,27,509,2,2019,0.025517036464894095,0.02693656552746264,0.024242495947249604
5,98,3,27,976,2,2019,0.06229147623642631,0.069279408726765,0.05604161508728929
5,163,3,27,976,2,2019,0.06766450603347197,0.07517823353092348,0.06099246522420653
5,152,3,27,509,2,2019,0.02151241537968423,0.023021853584485403,0.020115666951214785
5,98,3,27,491,2,2019,0.050081185109206,0.05279740835614616,0.04726616099065896
5,413,3,27,976,2,2019,0.11578258496754228,0.12815236013688017,0.10580468262917089
5,163,3,27,1029,2,2019,0.003319919936352556,0.003830897751323719,0.002875959888726814
5,198,3,27,491,2,2019,0.06767001014597028,0.07311922325918048,0.0628997782400605
5,198,3,27,589,2,2019,0.07616823556475948,0.08351401305376643,0.06987141597627773
5,53,3,27,976,2,2019,0.0688432816470899,0.07538099097933719,0.061807662347783905
5,208,3,27,491,2,2019,0.060577337828629015,0.06581208293934108,0.056273738461481655
5,413,3,27,1029,2,2019,0.007472139317825656,0.009631990824220938,0.005770874871642018
5,184,3,27,1029,2,2019,0.00386048300400297,0.005036824931181822,0.0028946221471497753
5,164,3,27,491,2,2019,0.05523752197739448,0.058407918042323245,0.05208206720541459
5,131,3,27,491,2,2019,0.05544125651284639,0.05905769522581524,0.05200909419822465
5,98,3,27,509,2,2019,0.023456256824099114,0.02492622979268263,0.022061172733255526
5,197,3,27,976,2,2019,0.06066196665645628,0.06645770021175713,0.055028378846367465
5,208,3,27,589,2,2019,0.06484909987023363,0.06927208222015635,0.060275756005940984
5,119,3,27,1029,2,2019,0.010077981792603599,0.013388357023695991,0.007553059333755703
5,185,3,27,491,2,2019,0.06222024381714837,0.0681344953993329,0.05705846632759176
5,131,3,27,589,2,2019,0.13617970072018926,0.14475813052350517,0.1278720441885921
5,131,3,27,509,2,2019,0.01879785906071746,0.020059412958172925,0.01766993887173021
5,164,3,27,509,2,2019,0.03775309199969134,0.039499849197678946,0.03587145621643194
5,87,3,27,491,2,2019,0.06457146498539698,0.06834667397985461,0.06096336173125249
5,197,3,27,1029,2,2019,0.005565478199454253,0.007666225536405559,0.003943239998825199
5,198,3,27,509,2,2019,0.020851407732680415,0.022298542803246738,0.019467785378175614
5,185,3,27,589,2,2019,0.058501898295865794,0.0628180265976734,0.054044247396793685
5,416,3,27,509,2,2019,0.030112626192949396,0.031936952717952286,0.02851170418151489
5,87,3,27,589,2,2019,0.06772428944917647,0.07249970554731786,0.06295645856196228
5,131,3,27,976,2,2019,0.08315669925736958,0.09030004650412508,0.07607184772217879
5,54,3,27,509,2,2019,0.020105272894218183,0.02142693606088096,0.018908296601175417
5,185,3,27,1029,2,2019,0.004428932436646404,0.005598843717323218,0.00347368758638007
5,208,3,27,976,2,2019,0.035801939395794194,0.03944132919533622,0.032279665299796735
5,185,3,27,976,2,2019,0.030010401433124174,0.03318716638916564,0.02694291819324828
5,98,3,27,1029,2,2019,0.012015998828032412,0.01519589120920332,0.00953158393362525
5,87,3,27,976,2,2019,0.06911611798471656,0.07680090972709737,0.06232089939929876
5,99,3,27,509,2,2019,0.03434091690370696,0.035597744706896244,0.03304862897934865
5,209,3,27,509,2,2019,0.020714279517356115,0.02209242710061761,0.019439595254152564
5,88,3,27,509,2,2019,0.025615005053183464,0.02705800813993071,0.02408660199703757
5,186,3,27,509,2,2019,0.022915376993715854,0.024186046697644643,0.021702174386552833
5,422,3,27,491,2,2019,0.06050191712008156,0.06336905788722483,0.05754824479265784
5,186,3,27,491,2,2019,0.0654073436842555,0.06895267393362985,0.06196243861202434
5,186,3,27,589,2,2019,0.12569256632672093,0.13445922616081546,0.1173994669086006
